{"accuracy": [0.48095834255218506, 0.9022083282470703, 0.9559583067893982, 0.9672499895095825, 0.9746249914169312, 0.9776250123977661, 0.9817083477973938, 0.9829583168029785, 0.9837916493415833, 0.9859166741371155], "val_accuracy": [0.859333336353302, 0.9580000042915344, 0.9733333587646484, 0.968833327293396, 0.9773333072662354, 0.9818333387374878, 0.9621666669845581, 0.984333336353302, 0.9893333315849304, 0.9861666560173035], "loss": [1.4501608610153198, 0.32408779859542847, 0.15093208849430084, 0.10918036848306656, 0.08472461253404617, 0.07163916528224945, 0.06046516075730324, 0.05567775294184685, 0.05541101470589638, 0.044054754078388214], "val_loss": [0.4501218795776367, 0.14425233006477356, 0.09239744395017624, 0.10103175789117813, 0.07247581332921982, 0.05869027599692345, 0.13651786744594574, 0.04868270456790924, 0.03715250641107559, 0.04558219760656357]}