{"accuracy": [], "val_accuracy": [], "loss": [3.841177463531494, 3.478461980819702, 3.1249403953552246, 3.0462825298309326, 3.0012705326080322, 2.9302093982696533, 2.893843650817871, 2.8725168704986572, 2.741750478744507, 2.7126948833465576], "val_loss": [3.7473864555358887, 3.2178850173950195, 3.220627784729004, 2.978847026824951, 2.9986674785614014, 3.001037359237671, 2.8473141193389893, 2.892146110534668, 2.857285261154175, 2.7298593521118164]}