{"accuracy": [0.710867166519165, 0.8570801019668579, 0.8911086916923523, 0.9047200679779053, 0.9227222800254822, 0.9330406188964844, 0.9315038323402405, 0.9418221712112427, 0.9444566369056702, 0.9490669369697571], "val_accuracy": [0.09043020009994507, 0.6110623478889465, 0.09043020009994507, 0.5408253073692322, 0.488147497177124, 0.6312555074691772, 0.7568042278289795, 0.9174714684486389, 0.7963125705718994, 0.9288849830627441], "loss": [0.8382858633995056, 0.399464875459671, 0.3145701289176941, 0.285087913274765, 0.23610328137874603, 0.19893677532672882, 0.19068993628025055, 0.16594016551971436, 0.16559404134750366, 0.1481831967830658], "val_loss": [2.2321925163269043, 2.6639459133148193, 4.67301082611084, 2.051387310028076, 2.1814136505126953, 1.9124373197555542, 1.0910569429397583, 0.24472026526927948, 0.5941064357757568, 0.25366559624671936]}