{"accuracy": [0.583209753036499, 0.5843963027000427, 0.5843963027000427, 0.5843963027000427, 0.5843963027000427, 0.5843963027000427, 0.5843963027000427, 0.5843963027000427, 0.5843963027000427, 0.5843963027000427], "val_accuracy": [0.5963455438613892, 0.5963455438613892, 0.5963455438613892, 0.5963455438613892, 0.5963455438613892, 0.5963455438613892, 0.5963455438613892, 0.5963455438613892, 0.5963455438613892, 0.5963455438613892], "loss": [1.257735252380371, 1.2444227933883667, 1.2411834001541138, 1.2409329414367676, 1.2416622638702393, 1.2404009103775024, 1.239876389503479, 1.2385343313217163, 1.239704966545105, 1.2401471138000488], "val_loss": [1.221175193786621, 1.221155047416687, 1.2268505096435547, 1.2210991382598877, 1.2215542793273926, 1.2210330963134766, 1.2202463150024414, 1.2208384275436401, 1.220569372177124, 1.2210190296173096]}