{"accuracy": [0.5921861529350281, 0.606233537197113, 0.5943810343742371, 0.6031606793403625, 0.5904302000999451, 0.60447758436203, 0.5956979990005493, 0.6014047265052795, 0.5996488332748413, 0.6031606793403625], "val_accuracy": [0.6087719202041626, 0.6087719202041626, 0.6087719202041626, 0.6087719202041626, 0.6087719202041626, 0.6087719202041626, 0.6087719202041626, 0.6087719202041626, 0.6087719202041626, 0.6087719202041626], "loss": [1.1841598749160767, 1.0659501552581787, 1.0846357345581055, 1.079042673110962, 1.0875674486160278, 1.0725054740905762, 1.0901434421539307, 1.0782113075256348, 1.0787931680679321, 1.0707178115844727], "val_loss": [1.066568374633789, 1.0589293241500854, 1.0507569313049316, 1.0535577535629272, 1.0511184930801392, 1.0539954900741577, 1.0555709600448608, 1.05189847946167, 1.0508372783660889, 1.0508242845535278]}