{"accuracy": [0.11389583349227905, 0.11385416984558105, 0.11391666531562805, 0.11385416984558105, 0.11395833641290665, 0.11395833641290665, 0.11395833641290665, 0.11395833641290665, 0.11395833641290665, 0.11395833641290665], "val_accuracy": [0.10599999874830246, 0.10599999874830246, 0.10599999874830246, 0.10599999874830246, 0.10599999874830246, 0.10599999874830246, 0.10599999874830246, 0.10599999874830246, 0.10599999874830246, 0.10599999874830246], "loss": [2.319274425506592, 2.3014769554138184, 2.3013417720794678, 2.3014020919799805, 2.30122447013855, 2.3012514114379883, 2.301182270050049, 2.3012354373931885, 2.3011860847473145, 2.3010075092315674], "val_loss": [2.302194356918335, 2.302436351776123, 2.301945209503174, 2.3021786212921143, 2.3017971515655518, 2.3021156787872314, 2.302051544189453, 2.3020787239074707, 2.302025318145752, 2.3020331859588623]}