{"accuracy": [0.009100000374019146, 0.009700000286102295, 0.008899999782443047, 0.008700000122189522, 0.010700000450015068, 0.011300000362098217, 0.009449999779462814, 0.010449999943375587], "val_accuracy": [0.010200000368058681, 0.010200000368058681, 0.011599999852478504, 0.00800000037997961, 0.010200000368058681, 0.010200000368058681, 0.010200000368058681, 0.010200000368058681], "loss": [4.6085309982299805, 4.605978488922119, 4.6063008308410645, 4.605830669403076, 4.605869293212891, 4.604910373687744, 4.605196475982666, 4.605151176452637], "val_loss": [4.606848239898682, 4.607442855834961, 4.607656478881836, 4.607930660247803, 4.607995986938477, 4.607975482940674, 4.607977867126465, 4.607961177825928]}