{"accuracy": [0.604181170463562, 0.6048780679702759, 0.6212543845176697, 0.6149826049804688, 0.6132404208183289, 0.6142857074737549, 0.6087108254432678, 0.6163762807846069, 0.6073170900344849, 0.6106271743774414], "val_accuracy": [0.6236934065818787, 0.6236934065818787, 0.6355400681495667, 0.6250870823860168, 0.6243902444839478, 0.6250870823860168, 0.6160278916358948, 0.6250870823860168, 0.6243902444839478, 0.6264808177947998], "loss": [1.2708686590194702, 1.2086403369903564, 1.1707589626312256, 1.1501938104629517, 1.1229479312896729, 1.1123158931732178, 1.1346904039382935, 1.1082459688186646, 1.1126505136489868, 1.0863677263259888], "val_loss": [1.1763668060302734, 1.1529295444488525, 1.1271899938583374, 1.0922324657440186, 1.0795953273773193, 1.0682426691055298, 1.1018694639205933, 1.0452214479446411, 1.0397906303405762, 1.0133718252182007]}