{"accuracy": [0.6394132971763611, 0.668903112411499, 0.668903112411499, 0.668903112411499, 0.668903112411499, 0.668903112411499, 0.668903112411499, 0.668903112411499, 0.668903112411499, 0.668903112411499], "val_accuracy": [0.6656269431114197, 0.6656269431114197, 0.6656269431114197, 0.6656269431114197, 0.6656269431114197, 0.6656269431114197, 0.6656269431114197, 0.6656269431114197, 0.6656269431114197, 0.6656269431114197], "loss": [1.6071116924285889, 1.1492327451705933, 1.1465966701507568, 1.1423975229263306, 1.14165461063385, 1.141814947128296, 1.1399606466293335, 1.139980673789978, 1.1386662721633911, 1.1397980451583862], "val_loss": [1.1254688501358032, 1.1269112825393677, 1.1306718587875366, 1.1244008541107178, 1.126176118850708, 1.123140811920166, 1.1278914213180542, 1.128006100654602, 1.1299282312393188, 1.1278554201126099]}