{"accuracy": [0.6127177476882935, 0.6418989300727844, 0.6600174307823181, 0.6891114711761475, 0.7005226612091064, 0.7131533026695251, 0.7310104370117188, 0.7835366129875183, 0.8044425249099731, 0.8173344731330872], "val_accuracy": [0.113588847219944, 0.1996515691280365, 0.6522648334503174, 0.6759582161903381, 0.6829268336296082, 0.5599303245544434, 0.587456464767456, 0.7540069818496704, 0.7665505409240723, 0.7668989300727844], "loss": [1.1803903579711914, 0.9910898208618164, 0.9158958792686462, 0.825663685798645, 0.7928665280342102, 0.7615321278572083, 0.7136099338531494, 0.5882084965705872, 0.5357919335365295, 0.4824383854866028], "val_loss": [1.512452244758606, 1.7378586530685425, 1.041341781616211, 1.2756155729293823, 1.1733638048171997, 1.1320897340774536, 1.0430920124053955, 0.6678177714347839, 0.6280684471130371, 0.6511759757995605]}