{"accuracy": [0.36820000410079956, 0.5224000215530396, 0.6230250000953674, 0.6988250017166138, 0.7460749745368958, 0.7749500274658203, 0.8065750002861023, 0.8241000175476074, 0.8393499851226807, 0.8548499941825867], "val_accuracy": [0.43650001287460327, 0.4578999876976013, 0.2167000025510788, 0.5989999771118164, 0.6644999980926514, 0.7394999861717224, 0.7023000121116638, 0.7491999864578247, 0.8064000010490417, 0.7602999806404114], "loss": [1.7057732343673706, 1.3199416399002075, 1.066696286201477, 0.8708216547966003, 0.7328619956970215, 0.6556214690208435, 0.5720078945159912, 0.5197922587394714, 0.4705541133880615, 0.4241323173046112], "val_loss": [1.6401082277297974, 3.705239772796631, 13.110228538513184, 1.4168530702590942, 1.0250316858291626, 0.7555748820304871, 0.9701758027076721, 0.7743372321128845, 0.6150088310241699, 0.7580505609512329]}