{"accuracy": [0.6581370234489441, 0.662973940372467, 0.662973940372467, 0.662973940372467, 0.662973940372467, 0.662973940372467, 0.662973940372467, 0.662973940372467, 0.662973940372467, 0.662973940372467], "val_accuracy": [0.6762320399284363, 0.6762320399284363, 0.6762320399284363, 0.6762320399284363, 0.6762320399284363, 0.6762320399284363, 0.6762320399284363, 0.6762320399284363, 0.6762320399284363, 0.6762320399284363], "loss": [1.2576249837875366, 1.1620076894760132, 1.1618238687515259, 1.1588140726089478, 1.1602919101715088, 1.1575596332550049, 1.155489444732666, 1.1562961339950562, 1.1566333770751953, 1.1529170274734497], "val_loss": [1.1272953748703003, 1.1225976943969727, 1.1142845153808594, 1.121026873588562, 1.1123511791229248, 1.1167997121810913, 1.1135249137878418, 1.1146217584609985, 1.1156553030014038, 1.1133677959442139]}