{"accuracy": [0.7799791693687439, 0.8784999847412109, 0.8933333158493042, 0.906499981880188, 0.9137916564941406, 0.9179166555404663, 0.9213125109672546, 0.9228541851043701, 0.921958327293396, 0.9513124823570251], "val_accuracy": [0.8246666789054871, 0.8831666707992554, 0.8558333516120911, 0.9000833630561829, 0.8987500071525574, 0.8808333277702332, 0.8945000171661377, 0.476416677236557, 0.8524166941642761, 0.9415833353996277], "loss": [0.6075177192687988, 0.33974894881248474, 0.2987687289714813, 0.26349133253097534, 0.24362532794475555, 0.23020227253437042, 0.220345601439476, 0.21152055263519287, 0.21498103439807892, 0.13453973829746246], "val_loss": [0.5005834102630615, 0.3342374265193939, 0.4057765305042267, 0.29500481486320496, 0.2920149862766266, 0.3583033084869385, 0.3170667588710785, 24.097978591918945, 0.6193362474441528, 0.1631622463464737]}