{"accuracy": [0.0989999994635582, 0.0994499996304512, 0.09960000216960907, 0.09730000048875809, 0.09610000252723694, 0.09974999725818634, 0.09934999793767929, 0.09974999725818634], "val_accuracy": [0.0966000035405159, 0.0966000035405159, 0.0966000035405159, 0.0966000035405159, 0.0966000035405159, 0.0966000035405159, 0.0966000035405159, 0.0966000035405159], "loss": [2.303149461746216, 2.3185603618621826, 2.3025968074798584, 2.302583694458008, 2.3025834560394287, 2.3025832176208496, 2.3025829792022705, 2.3025829792022705], "val_loss": [2.302584409713745, 2.302584409713745, 2.302584409713745, 2.302584409713745, 2.302584409713745, 2.302584409713745, 2.302584409713745, 2.302584409713745]}