{"accuracy": [0.5810393691062927, 0.5923113226890564, 0.588633120059967, 0.6129568219184875, 0.6130754351615906, 0.6203132271766663, 0.6222116947174072, 0.6231608986854553, 0.6340768933296204, 0.6352633833885193], "val_accuracy": [0.6060749888420105, 0.6117702722549438, 0.6336022615432739, 0.6193640232086182, 0.6459420919418335, 0.6454674601554871, 0.6597057580947876, 0.6644518375396729, 0.6506881713867188, 0.665401041507721], "loss": [1.2754534482955933, 1.20558762550354, 1.1785485744476318, 1.1108458042144775, 1.1007767915725708, 1.072182536125183, 1.0535297393798828, 1.0544995069503784, 1.0332942008972168, 1.0281370878219604], "val_loss": [1.2018624544143677, 1.1287627220153809, 1.0612481832504272, 1.0753505229949951, 1.087540864944458, 1.0231913328170776, 0.9906924366950989, 0.9714962840080261, 1.0276023149490356, 0.9545953869819641]}