{"accuracy": [], "val_accuracy": [], "loss": [3.6980762481689453, 3.0824313163757324, 2.920851707458496, 2.850274085998535, 2.7952823638916016, 2.753603219985962, 2.6905853748321533, 2.767787218093872, 2.6500754356384277, 2.6431891918182373], "val_loss": [3.244453191757202, 2.9368484020233154, 2.9631993770599365, 2.9349191188812256, 2.6989026069641113, 2.696601629257202, 2.693324565887451, 2.6781394481658936, 2.731497049331665, 2.599249839782715]}