{"accuracy": [0.09700000286102295, 0.09920000284910202, 0.09860000014305115, 0.09690000116825104, 0.09714999794960022, 0.10260000079870224, 0.10135000199079514, 0.09724999964237213], "val_accuracy": [0.0966000035405159, 0.0966000035405159, 0.0966000035405159, 0.0966000035405159, 0.0966000035405159, 0.0966000035405159, 0.0966000035405159, 0.0966000035405159], "loss": [2.302783727645874, 2.302583694458008, 2.3025829792022705, 2.3025827407836914, 2.3025825023651123, 2.3025825023651123, 2.3025825023651123, 2.3025827407836914], "val_loss": [2.302584409713745, 2.302584409713745, 2.302584409713745, 2.302584409713745, 2.302584409713745, 2.302584409713745, 2.302584409713745, 2.302584409713745]}