{"accuracy": [0.5806805491447449, 0.645005464553833, 0.7545554041862488, 0.8243688344955444, 0.8564215302467346, 0.884742021560669, 0.9113062620162964, 0.9249176979064941, 0.9402853846549988, 0.9437980055809021], "val_accuracy": [0.6136962175369263, 0.7295873761177063, 0.8050922155380249, 0.8235294222831726, 0.8805969953536987, 0.8911325931549072, 0.9148375988006592, 0.89552241563797, 0.9104477763175964, 0.9323968291282654], "loss": [1.1153348684310913, 0.8013517260551453, 0.5733717083930969, 0.4038914442062378, 0.34393545985221863, 0.27314287424087524, 0.2259671837091446, 0.20280170440673828, 0.15816301107406616, 0.1519845426082611], "val_loss": [0.9260856509208679, 0.6175975203514099, 0.43682411313056946, 0.40029314160346985, 0.2664199471473694, 0.279073566198349, 0.2230241894721985, 0.24447360634803772, 0.23226982355117798, 0.19201356172561646]}