{"accuracy": [0.05705000087618828, 0.12530000507831573, 0.16985000669956207, 0.19820000231266022, 0.2175000011920929, 0.23839999735355377, 0.25804999470710754, 0.27764999866485596, 0.2884500026702881, 0.3001500070095062], "val_accuracy": [0.09239999949932098, 0.1436000019311905, 0.1687999963760376, 0.1834000051021576, 0.210999995470047, 0.21359999477863312, 0.22920000553131104, 0.2401999980211258, 0.24879999458789825, 0.24719999730587006], "loss": [4.23095178604126, 3.750939130783081, 3.497986316680908, 3.336930513381958, 3.2377467155456543, 3.1312761306762695, 3.030975341796875, 2.9437131881713867, 2.8813624382019043, 2.8180794715881348], "val_loss": [3.944662094116211, 3.6592438220977783, 3.521768808364868, 3.391361713409424, 3.2795515060424805, 3.2640881538391113, 3.1730194091796875, 3.132007122039795, 3.08646559715271, 3.0810060501098633]}