{"accuracy": [0.6042683124542236, 0.6118466854095459, 0.6118466854095459, 0.6118466854095459, 0.6118466854095459, 0.6118466854095459, 0.6118466854095459, 0.6118466854095459, 0.6118466854095459, 0.6118466854095459], "val_accuracy": [0.6257839798927307, 0.6257839798927307, 0.6257839798927307, 0.6257839798927307, 0.6257839798927307, 0.6257839798927307, 0.6257839798927307, 0.6257839798927307, 0.6257839798927307, 0.6257839798927307], "loss": [59.112525939941406, 1.1935018301010132, 1.1954065561294556, 1.1948041915893555, 1.1943868398666382, 1.1955264806747437, 1.1936249732971191, 1.1925286054611206, 1.1927567720413208, 1.1927825212478638], "val_loss": [1.1720482110977173, 1.1659091711044312, 1.1635345220565796, 1.1646870374679565, 1.1658940315246582, 1.1645684242248535, 1.1636366844177246, 1.1633751392364502, 1.164285659790039, 1.1639630794525146]}