{"accuracy": [0.5681747198104858, 0.6673946976661682, 0.6745709776878357, 0.6652106046676636, 0.6595943570137024, 0.6658346056938171, 0.6705148220062256, 0.6570982933044434, 0.6599063873291016, 0.6542901992797852], "val_accuracy": [0.6645885109901428, 0.6645885109901428, 0.6645885109901428, 0.6645885109901428, 0.6645885109901428, 0.6645885109901428, 0.6508728265762329, 0.6670823097229004, 0.6645885109901428, 0.6758104562759399], "loss": [1.633373737335205, 1.1513162851333618, 1.0911731719970703, 1.1498610973358154, 1.0747039318084717, 1.0298207998275757, 0.9741461277008057, 0.9789189696311951, 0.982357382774353, 0.9374159574508667], "val_loss": [1.1802520751953125, 1.1624070405960083, 1.4253252744674683, 1.1190470457077026, 1.1300699710845947, 1.0283355712890625, 0.9754305481910706, 0.9730172157287598, 0.9993169903755188, 0.9251128435134888]}