{"accuracy": [0.012424999848008156, 0.011625000275671482, 0.01119999960064888, 0.012974999845027924, 0.009975000284612179, 0.01132499985396862, 0.01282500009983778, 0.011850000359117985, 0.011824999935925007, 0.011599999852478504], "val_accuracy": [0.014800000004470348, 0.009999999776482582, 0.009800000116229057, 0.00839999970048666, 0.00860000029206276, 0.011699999682605267, 0.010099999606609344, 0.009700000286102295, 0.010300000198185444, 0.009200000204145908], "loss": [8.297050476074219, 8.135814666748047, 8.084040641784668, 8.139945030212402, 8.14255428314209, 8.113391876220703, 8.16872501373291, 8.094592094421387, 8.10843563079834, 8.114251136779785], "val_loss": [8.294124603271484, 8.157366752624512, 7.818885803222656, 8.109230041503906, 7.957550048828125, 8.1365327835083, 8.16063404083252, 8.039759635925293, 8.13157844543457, 7.983292102813721]}