{"accuracy": [0.09740000218153, 0.09600000083446503, 0.1096000000834465, 0.1128000020980835, 0.11084999889135361, 0.11117500066757202, 0.1101749986410141, 0.11034999787807465, 0.1107499971985817], "val_accuracy": [0.08579999953508377, 0.09939999878406525, 0.10379999876022339, 0.10540000349283218, 0.10660000145435333, 0.1054999977350235, 0.10559999942779541, 0.10580000281333923, 0.10459999740123749], "loss": [8.115413665771484, 7.980128288269043, 7.332095146179199, 7.750424861907959, 8.091584205627441, 7.99538516998291, 7.816470146179199, 7.818079471588135, 7.8092169761657715], "val_loss": [8.512965202331543, 7.311084270477295, 7.860203266143799, 9.172935485839844, 8.057435035705566, 7.888484477996826, 7.878760814666748, 7.828557968139648, 7.894958019256592]}