{"accuracy": [0.6081874966621399, 0.6304360628128052, 0.6377929449081421, 0.642776608467102, 0.6533966064453125, 0.6640759706497192, 0.6773064136505127, 0.6948086619377136, 0.7060219645500183, 0.717769205570221], "val_accuracy": [0.1385856717824936, 0.5529188513755798, 0.5045087933540344, 0.6373991370201111, 0.6490270495414734, 0.6416706442832947, 0.6710963249206543, 0.5733270049095154, 0.5840057134628296, 0.6371618509292603], "loss": [1.1444437503814697, 1.0279738903045654, 0.9961345195770264, 0.969396710395813, 0.9249577522277832, 0.8761186003684998, 0.8363750576972961, 0.7982585430145264, 0.7751055359840393, 0.7378634214401245], "val_loss": [3.9997024536132812, 1.2901530265808105, 4.838184356689453, 0.9854589700698853, 0.9598768353462219, 0.9451250433921814, 0.8885380625724792, 1.1867293119430542, 1.1685938835144043, 1.0031489133834839]}