{"accuracy": [0.00860000029206276, 0.009274999611079693, 0.00930000003427267, 0.009499999694526196, 0.009724999777972698, 0.010350000113248825, 0.010274999774992466, 0.00977499969303608], "val_accuracy": [0.009600000455975533, 0.008299999870359898, 0.008299999870359898, 0.00860000029206276, 0.00860000029206276, 0.00860000029206276, 0.00860000029206276, 0.00860000029206276], "loss": [4.6383185386657715, 4.605584144592285, 4.60548734664917, 4.605449199676514, 4.605439186096191, 4.604945182800293, 4.604939937591553, 4.604938507080078], "val_loss": [4.6063361167907715, 4.606838226318359, 4.607203006744385, 4.607471466064453, 4.60769510269165, 4.607709884643555, 4.607717037200928, 4.607728004455566]}