{"accuracy": [0.26959386467933655, 0.24368825554847717, 0.2239297479391098, 0.22985729575157166, 0.22063666582107544, 0.20307354629039764, 0.19275520741939545, 0.18704719841480255], "val_accuracy": [0.41791045665740967, 0.25724318623542786, 0.24495171010494232, 0.09657594561576843, 0.2431957870721817, 0.20719929039478302, 0.20280948281288147, 0.22212466597557068], "loss": [4.315832614898682, 5.7133097648620605, 10.974663734436035, 10.921313285827637, 3.851121664047241, 3.397083282470703, 3.2685863971710205, 3.1128103733062744], "val_loss": [2.335883617401123, 4.349184989929199, 11.67906665802002, 8.710941314697266, 3.968858003616333, 3.51664400100708, 3.417869806289673, 3.677212715148926]}