{"accuracy": [0.1028333306312561, 0.10106249898672104, 0.10106249898672104, 0.10106249898672104, 0.10106249898672104, 0.10106249898672104, 0.10106249898672104, 0.10106249898672104], "val_accuracy": [0.09574999660253525, 0.09574999660253525, 0.09574999660253525, 0.09574999660253525, 0.09574999660253525, 0.09574999660253525, 0.09574999660253525, 0.09574999660253525], "loss": [8.13810920715332, 7.500713348388672, 7.225559711456299, 7.12689208984375, 7.202101707458496, 7.180948734283447, 7.186324119567871, 7.1953840255737305], "val_loss": [6.46859884262085, 6.838747501373291, 6.823574066162109, 8.097997665405273, 8.100683212280273, 8.110084533691406, 8.112772941589355, 8.119488716125488]}