{"accuracy": [0.09927500039339066, 0.09769999980926514, 0.09775000065565109, 0.09672500193119049, 0.09892500191926956, 0.09984999895095825, 0.10055000334978104, 0.10119999945163727, 0.10022500157356262, 0.10005000233650208], "val_accuracy": [0.09969999641180038, 0.10249999910593033, 0.09520000219345093, 0.10249999910593033, 0.09520000219345093, 0.09799999743700027, 0.09799999743700027, 0.09799999743700027, 0.09799999743700027, 0.09799999743700027], "loss": [2.3033969402313232, 2.303011417388916, 2.3028554916381836, 2.302807331085205, 2.3027894496917725, 2.3027281761169434, 2.3025999069213867, 2.3025994300842285, 2.3025951385498047, 2.3025944232940674], "val_loss": [2.3029186725616455, 2.3026745319366455, 2.3026671409606934, 2.3026607036590576, 2.302684783935547, 2.3026390075683594, 2.30265212059021, 2.3026628494262695, 2.302668333053589, 2.302675724029541]}