{"accuracy": [0.8115000128746033, 0.9616458415985107, 0.9727708101272583, 0.979520857334137, 0.9840208292007446, 0.9867500066757202, 0.9895208477973938, 0.9903333187103271, 0.9915000200271606, 0.9929375052452087], "val_accuracy": [0.9547500014305115, 0.9697499871253967, 0.9815833568572998, 0.9809166789054871, 0.9854166507720947, 0.9856666922569275, 0.987583339214325, 0.9859166741371155, 0.9850000143051147, 0.9829999804496765], "loss": [0.5295535326004028, 0.12221893668174744, 0.08659692108631134, 0.064344123005867, 0.05082307010889053, 0.04156990721821785, 0.031555917114019394, 0.029999928548932076, 0.026303354650735855, 0.021993713453412056], "val_loss": [0.1416584551334381, 0.10074629634618759, 0.06323561817407608, 0.06121521070599556, 0.05109189823269844, 0.047092702239751816, 0.04528716206550598, 0.04836899787187576, 0.04716790094971657, 0.0563359372317791]}