{"accuracy": [0.14219999313354492, 0.35795000195503235, 0.4903999865055084, 0.5575500130653381, 0.6045500040054321, 0.643750011920929, 0.6789000034332275, 0.7124999761581421, 0.7368500232696533, 0.7653999924659729], "val_accuracy": [0.23000000417232513, 0.46779999136924744, 0.5188000202178955, 0.5437999963760376, 0.6015999913215637, 0.6240000128746033, 0.652400016784668, 0.6669999957084656, 0.6647999882698059, 0.6643999814987183], "loss": [2.199357748031616, 1.6788039207458496, 1.392525315284729, 1.223212480545044, 1.0978267192840576, 1.0056599378585815, 0.9131575226783752, 0.8189454078674316, 0.7466964721679688, 0.6715370416641235], "val_loss": [1.9328947067260742, 1.4389230012893677, 1.3072339296340942, 1.3017994165420532, 1.1335737705230713, 1.0802452564239502, 1.0021222829818726, 0.9732035994529724, 0.9950735569000244, 1.050873875617981]}