{"accuracy": [], "val_accuracy": [], "loss": [6.941971778869629, 6.912173271179199, 6.910719394683838, 6.910045146942139, 6.909517288208008, 6.909143924713135, 6.9090070724487305, 6.90870475769043, 6.908614635467529, 6.908306121826172], "val_loss": [6.91179084777832, 6.9093499183654785, 6.908504486083984, 6.908125877380371, 6.908745288848877, 6.908259391784668, 6.9083123207092285, 6.907933712005615, 6.907886028289795, 6.9080491065979]}