{"accuracy": [0.2300768345594406, 0.2785949409008026, 0.24434687197208405, 0.49923160672187805, 0.5896816849708557, 0.3400658667087555, 0.4144895672798157, 0.3642151355743408, 0.2419319450855255, 0.24807903170585632], "val_accuracy": [0.10359964519739151, 0.12642669677734375, 0.10359964519739151, 0.10359964519739151, 0.4468832314014435, 0.10359964519739151, 0.10359964519739151, 0.08165057003498077, 0.07374890148639679, 0.48112380504608154], "loss": [4.1711907386779785, 4.3008599281311035, 5.616426467895508, 4.974236965179443, 7.307196617126465, 4.371127128601074, 7.10541296005249, 6.765708923339844, 6.482194900512695, 6.17290735244751], "val_loss": [2.313629150390625, 2.542145252227783, 1.669829249382019, 13.259573936462402, 4.686285495758057, 2.858520984649658, 2.858520984649658, 13.655804634094238, 12.056733131408691, 3.9936909675598145]}