{"accuracy": [], "val_accuracy": [], "loss": [2.4926180839538574, 1.2194417715072632, 0.9805934429168701, 0.8511785268783569, 0.7608521580696106, 0.7081332802772522, 0.6540816426277161, 0.6041755080223083, 0.5707750916481018, 0.5291013717651367], "val_loss": [1.3169212341308594, 1.1332674026489258, 0.8417028188705444, 0.8365712761878967, 0.7693984508514404, 0.6811777353286743, 0.7606602907180786, 0.6791883707046509, 0.6538798213005066, 0.6854889988899231]}