{"accuracy": [0.6068029403686523, 0.6640661358833313, 0.6640661358833313, 0.6640661358833313, 0.6640661358833313, 0.6640661358833313, 0.6640661358833313, 0.6640661358833313, 0.6640661358833313, 0.6640661358833313], "val_accuracy": [0.6681222915649414, 0.6681222915649414, 0.6681222915649414, 0.6681222915649414, 0.6681222915649414, 0.6681222915649414, 0.6681222915649414, 0.6681222915649414, 0.6681222915649414, 0.6681222915649414], "loss": [1.3028093576431274, 1.1661860942840576, 1.1596806049346924, 1.1546834707260132, 1.1518967151641846, 1.154649019241333, 1.1536297798156738, 1.1523452997207642, 1.1515978574752808, 1.150665521621704], "val_loss": [1.130815029144287, 1.1383304595947266, 1.135222315788269, 1.1324154138565063, 1.1301723718643188, 1.128993272781372, 1.1296467781066895, 1.1290202140808105, 1.1288939714431763, 1.128996729850769]}