{"accuracy": [0.5888460278511047, 0.6243844628334045, 0.6307327151298523, 0.6364876627922058, 0.6425393223762512, 0.6466923952102661, 0.6551765203475952, 0.662236750125885, 0.6785523295402527, 0.7012162804603577], "val_accuracy": [0.6127195358276367, 0.6158044338226318, 0.6366872191429138, 0.639297604560852, 0.6397721767425537, 0.6383483409881592, 0.6466540098190308, 0.640484094619751, 0.6274323463439941, 0.5927859544754028], "loss": [1.1995775699615479, 1.0762802362442017, 1.0356547832489014, 1.0157928466796875, 0.9892541766166687, 0.9731125831604004, 0.9441003203392029, 0.9029408693313599, 0.8405978679656982, 0.7713598012924194], "val_loss": [1.0841901302337646, 1.0976544618606567, 1.0148460865020752, 1.0066120624542236, 0.9856913089752197, 1.0090941190719604, 0.9716325402259827, 0.9707880020141602, 1.0049619674682617, 1.0940580368041992]}