{"accuracy": [0.5794556736946106, 0.7260755300521851, 0.8568919897079468, 0.8810359835624695, 0.9025461077690125, 0.9047409892082214, 0.9100087881088257, 0.9143986105918884, 0.9143986105918884, 0.9293239712715149], "val_accuracy": [0.5964912176132202, 0.7842105031013489, 0.8719298243522644, 0.9035087823867798, 0.8947368264198303, 0.9052631855010986, 0.9122806787490845, 0.9210526347160339, 0.9210526347160339, 0.9245613813400269], "loss": [1.0300159454345703, 0.6533969044685364, 0.3872678875923157, 0.31476300954818726, 0.27936387062072754, 0.26794856786727905, 0.24784718453884125, 0.2219952791929245, 0.22723260521888733, 0.18296821415424347], "val_loss": [0.848883330821991, 0.5159705877304077, 0.34992465376853943, 0.28139322996139526, 0.30088213086128235, 0.27969813346862793, 0.2434360384941101, 0.22697307169437408, 0.2121896594762802, 0.22011351585388184]}