{"accuracy": [0.4360044002532959, 0.4294182360172272, 0.3675082325935364, 0.4998902380466461, 0.5964874029159546, 0.5923161506652832, 0.5657519102096558, 0.5677277445793152, 0.565532386302948], "val_accuracy": [0.38805970549583435, 0.6093063950538635, 0.6584723591804504, 0.600526750087738, 0.6207199096679688, 0.4407374858856201, 0.5847234129905701, 0.5891132354736328, 0.5917471647262573], "loss": [5.5540242195129395, 5.698857307434082, 8.21361255645752, 7.42603063583374, 9.947099685668945, 9.447413444519043, 10.923503875732422, 10.927041053771973, 10.923504829406738], "val_loss": [5.320131778717041, 3.8732874393463135, 10.712503433227539, 4.424984931945801, 10.547734260559082, 11.009551048278809, 11.066155433654785, 11.066155433654785, 11.066155433654785]}