{"accuracy": [0.02202500030398369, 0.055649999529123306, 0.08309999853372574, 0.1073250025510788, 0.13689999282360077, 0.16539999842643738, 0.18799999356269836, 0.218299999833107, 0.24492500722408295, 0.2682250142097473], "val_accuracy": [0.04010000079870224, 0.07320000231266022, 0.1014999970793724, 0.13009999692440033, 0.15629999339580536, 0.17090000212192535, 0.19990000128746033, 0.21950000524520874, 0.23999999463558197, 0.24969999492168427], "loss": [4.377071857452393, 4.041835784912109, 3.8489186763763428, 3.6777827739715576, 3.4995219707489014, 3.340590715408325, 3.206178903579712, 3.0704517364501953, 2.933171272277832, 2.826720714569092], "val_loss": [4.176634311676025, 3.9282383918762207, 3.757159471511841, 3.5917704105377197, 3.4438445568084717, 3.322805166244507, 3.2035601139068604, 3.111233949661255, 3.0136380195617676, 2.9713351726531982]}