{"accuracy": [0.48112380504608154, 0.6000878214836121, 0.598331868648529, 0.5939420461654663, 0.606233537197113, 0.5930640697479248, 0.651448667049408, 0.6892010569572449, 0.7357330918312073, 0.7335382103919983], "val_accuracy": [0.6280701756477356, 0.6280701756477356, 0.6280701756477356, 0.6245614290237427, 0.6280701756477356, 0.6263157725334167, 0.6666666865348816, 0.6719298362731934, 0.6491228342056274, 0.7631579041481018], "loss": [1.6239056587219238, 1.0791327953338623, 1.0297319889068604, 1.0291998386383057, 0.9578394293785095, 0.9882150292396545, 0.871707558631897, 0.757072389125824, 0.6358438730239868, 0.6314437985420227], "val_loss": [1.050673007965088, 1.0161089897155762, 0.9038567543029785, 0.855776309967041, 1.0137428045272827, 0.8868319988250732, 0.8062774538993835, 0.7378499507904053, 0.7337068319320679, 0.5528528690338135]}