{"accuracy": [0.020999999716877937, 0.04385000094771385, 0.09380000084638596, 0.13805000483989716, 0.17880000174045563, 0.21355000138282776, 0.25235000252723694, 0.279449999332428, 0.302949994802475, 0.3298499882221222], "val_accuracy": [0.02459999918937683, 0.062199998646974564, 0.10279999673366547, 0.14239999651908875, 0.18700000643730164, 0.20559999346733093, 0.2295999974012375, 0.2685999870300293, 0.2833999991416931, 0.31299999356269836], "loss": [4.497903347015381, 4.211413860321045, 3.891040563583374, 3.6220543384552, 3.386343002319336, 3.211463212966919, 3.03535795211792, 2.8894917964935303, 2.771790027618408, 2.650346279144287], "val_loss": [4.43447208404541, 4.05348539352417, 3.8066325187683105, 3.6022987365722656, 3.345386266708374, 3.2885704040527344, 3.134230375289917, 2.907766103744507, 2.90441632270813, 2.742886543273926]}