{"accuracy": [0.12472916394472122, 0.10920833051204681, 0.07485416531562805, 0.11789583414793015, 0.11810416728258133, 0.11791666597127914, 0.11814583092927933, 0.11866666376590729, 0.11829166859388351], "val_accuracy": [0.09616667032241821, 0.1081666648387909, 0.12150000035762787, 0.12325000017881393, 0.12166666984558105, 0.12133333086967468, 0.12399999797344208, 0.12341666966676712, 0.12058333307504654], "loss": [8.257573127746582, 9.88754653930664, 8.829269409179688, 9.6439847946167, 9.643653869628906, 9.643316268920898, 9.64398193359375, 9.64365005493164, 9.6439847946167], "val_loss": [7.692341327667236, 7.602364540100098, 9.657422065734863, 9.657422065734863, 9.657422065734863, 9.657422065734863, 9.657422065734863, 9.657422065734863, 9.657422065734863]}