{"accuracy": [0.6110627055168152, 0.6152439117431641, 0.6152439117431641, 0.6152439117431641, 0.6152439117431641, 0.6152439117431641, 0.6152439117431641, 0.6152439117431641, 0.6152439117431641, 0.6152439117431641], "val_accuracy": [0.613937258720398, 0.613937258720398, 0.613937258720398, 0.613937258720398, 0.613937258720398, 0.613937258720398, 0.613937258720398, 0.613937258720398, 0.613937258720398, 0.613937258720398], "loss": [1.244999647140503, 1.1924331188201904, 1.1898736953735352, 1.1889643669128418, 1.1881393194198608, 1.187666893005371, 1.1879252195358276, 1.1868164539337158, 1.1849569082260132, 1.1860840320587158], "val_loss": [1.1953309774398804, 1.190964937210083, 1.1873260736465454, 1.1886059045791626, 1.1969008445739746, 1.1893631219863892, 1.1888816356658936, 1.187088131904602, 1.186858892440796, 1.1875402927398682]}