{"accuracy": [0.4270557165145874, 0.04836948215961456, 0.04634108394384384, 0.06584490835666656, 0.11015759408473969, 0.25042909383773804, 0.1997191458940506, 0.2426275610923767], "val_accuracy": [0.19401122629642487, 0.024329382926225662, 0.04054896906018257, 0.052401747554540634, 0.29881471395492554, 0.3013100326061249, 0.27386149764060974, 0.3000623881816864], "loss": [8.423534393310547, 8.036279678344727, 8.458142280578613, 8.196183204650879, 8.584385871887207, 9.764737129211426, 9.654616355895996, 12.859809875488281], "val_loss": [3.0612313747406006, 9.421549797058105, 8.88956356048584, 9.83933162689209, 10.588701248168945, 9.492368698120117, 13.58947467803955, 13.084604263305664]}