{"accuracy": [0.10097499936819077, 0.09927500039339066, 0.09790000319480896, 0.09905000030994415, 0.09860000014305115, 0.09782499819993973, 0.10119999945163727, 0.10119999945163727, 0.10119999945163727, 0.10119999945163727], "val_accuracy": [0.09520000219345093, 0.09520000219345093, 0.09520000219345093, 0.09520000219345093, 0.09520000219345093, 0.09520000219345093, 0.09520000219345093, 0.09520000219345093, 0.09520000219345093, 0.09520000219345093], "loss": [2.3036441802978516, 2.302924156188965, 2.3028030395507812, 2.3027467727661133, 2.302773952484131, 2.30273175239563, 2.302605152130127, 2.3026082515716553, 2.30259370803833, 2.3025944232940674], "val_loss": [2.302976608276367, 2.3027091026306152, 2.302765130996704, 2.3027241230010986, 2.3027172088623047, 2.3026866912841797, 2.302689552307129, 2.302694082260132, 2.302696466445923, 2.302698850631714]}