{"accuracy": [0.7259166836738586, 0.9774166941642761, 0.9852916598320007, 0.9871666431427002, 0.9895833134651184, 0.9916666746139526, 0.9918749928474426, 0.9925000071525574, 0.9940833449363708, 0.9946249723434448], "val_accuracy": [0.9735000133514404, 0.9768333435058594, 0.9850000143051147, 0.9825000166893005, 0.9838333129882812, 0.9890000224113464, 0.9850000143051147, 0.9883333444595337, 0.9853333234786987, 0.9878333210945129], "loss": [0.7250633239746094, 0.08148057013750076, 0.04831978306174278, 0.042356252670288086, 0.03554500639438629, 0.03013290837407112, 0.026396222412586212, 0.02891964465379715, 0.02125660702586174, 0.02197008766233921], "val_loss": [0.08848147839307785, 0.07604827731847763, 0.0504867285490036, 0.06109421327710152, 0.05588756129145622, 0.04522501304745674, 0.06108532100915909, 0.04298323392868042, 0.058034155517816544, 0.04708032310009003]}