{"accuracy": [0.5745135545730591, 0.5904129147529602, 0.5860227942466736, 0.5880398750305176, 0.583649754524231, 0.6038206219673157, 0.6101091504096985, 0.6238728165626526, 0.6243473887443542, 0.6268391013145447], "val_accuracy": [0.594684362411499, 0.594684362411499, 0.594684362411499, 0.5970574021339417, 0.5951589941978455, 0.6231608986854553, 0.6288561820983887, 0.6302800178527832, 0.6293308138847351, 0.6307546496391296], "loss": [1.369256854057312, 1.2339918613433838, 1.2059627771377563, 1.1740789413452148, 1.2043718099594116, 1.1263980865478516, 1.0925129652023315, 1.0645877122879028, 1.051642894744873, 1.0516947507858276], "val_loss": [1.2398730516433716, 1.208710789680481, 1.2453527450561523, 1.2212899923324585, 1.1401453018188477, 1.084938645362854, 1.0657274723052979, 1.053355097770691, 1.056954264640808, 1.0231853723526]}