{"accuracy": [0.009325000457465649, 0.009074999950826168, 0.009399999864399433, 0.010125000029802322, 0.009525000117719173, 0.010174999944865704, 0.010099999606609344, 0.010125000029802322], "val_accuracy": [0.009200000204145908, 0.008299999870359898, 0.00839999970048666, 0.00860000029206276, 0.00860000029206276, 0.00860000029206276, 0.00860000029206276, 0.00860000029206276], "loss": [4.60817813873291, 4.605988502502441, 4.605980396270752, 4.605960845947266, 4.605982780456543, 4.605051517486572, 4.605037212371826, 4.605026721954346], "val_loss": [4.60693359375, 4.6077470779418945, 4.607996940612793, 4.608020305633545, 4.608090400695801, 4.608076572418213, 4.608065128326416, 4.608057975769043]}