{"accuracy": [0.5695301294326782, 0.6099905371665955, 0.6275510191917419, 0.6343141794204712, 0.6509254574775696, 0.6556715965270996, 0.6605362892150879, 0.670265793800354, 0.6735880374908447, 0.6868770718574524], "val_accuracy": [0.59658282995224, 0.6231608986854553, 0.6355007290840149, 0.6369245648384094, 0.6449928879737854, 0.6421452164649963, 0.6411960124969482, 0.647365927696228, 0.6160417795181274, 0.6402468085289001], "loss": [1.2258940935134888, 1.106948733329773, 1.047778606414795, 1.0129871368408203, 0.9704939723014832, 0.9462522268295288, 0.9214866161346436, 0.8962433934211731, 0.8782528042793274, 0.8327398896217346], "val_loss": [1.148849368095398, 1.0683165788650513, 1.0218422412872314, 1.0093343257904053, 0.9998010396957397, 1.000042200088501, 1.025938868522644, 0.9997438192367554, 1.0370585918426514, 1.0010576248168945]}