{"accuracy": [0.10641666501760483, 0.1172500029206276, 0.16720832884311676, 0.16756249964237213, 0.16775000095367432, 0.16714583337306976, 0.16708333790302277, 0.16714583337306976], "val_accuracy": [0.11900000274181366, 0.1730833351612091, 0.17249999940395355, 0.17274999618530273, 0.1745833307504654, 0.1733333319425583, 0.17299999296665192, 0.171916663646698], "loss": [8.105229377746582, 11.24718189239502, 9.7383451461792, 9.726591110229492, 9.732973098754883, 9.737004280090332, 9.731292724609375, 9.748417854309082], "val_loss": [9.361404418945312, 9.711150169372559, 9.818604469299316, 9.815917015075684, 9.790396690368652, 9.786368370056152, 9.80383014678955, 9.811888694763184]}