{"accuracy": [0.6064459681510925, 0.6108884811401367, 0.6108884811401367, 0.6108884811401367, 0.6108884811401367, 0.6108884811401367, 0.6108884811401367, 0.6108884811401367], "val_accuracy": [0.6142857074737549, 0.6142857074737549, 0.6142857074737549, 0.6142857074737549, 0.6142857074737549, 0.6142857074737549, 0.6142857074737549, 0.6142857074737549], "loss": [1.4227890968322754, 1.1972814798355103, 1.1961174011230469, 1.1953125, 1.1937309503555298, 1.1923671960830688, 1.1931527853012085, 1.191938042640686], "val_loss": [1.1877639293670654, 1.192429780960083, 1.1934592723846436, 1.1893218755722046, 1.1905114650726318, 1.1888827085494995, 1.1891121864318848, 1.1885961294174194]}