{"accuracy": [0.4097916781902313, 0.7203750014305115, 0.8228333592414856, 0.8553749918937683, 0.8734999895095825, 0.877916693687439, 0.887291669845581, 0.8920000195503235, 0.903166651725769, 0.9025833606719971], "val_accuracy": [0.6430000066757202, 0.777999997138977, 0.8521666526794434, 0.8691666722297668, 0.8786666393280029, 0.8851666450500488, 0.8790000081062317, 0.8941666483879089, 0.9041666388511658, 0.9020000100135803], "loss": [1.5303326845169067, 0.7377958297729492, 0.49716052412986755, 0.40465429425239563, 0.35785236954689026, 0.3358210623264313, 0.31213003396987915, 0.3017335534095764, 0.2739218473434448, 0.2689768970012665], "val_loss": [0.9278210997581482, 0.5698972344398499, 0.42056554555892944, 0.35815849900245667, 0.3403961658477783, 0.30954647064208984, 0.3254680931568146, 0.28495657444000244, 0.26484668254852295, 0.26905810832977295]}