{"accuracy": [0.04987499862909317, 0.11704999953508377, 0.1776999980211258, 0.2387000024318695, 0.2957249879837036, 0.35455000400543213, 0.40389999747276306, 0.44852501153945923, 0.4927000105381012, 0.5282250046730042], "val_accuracy": [0.06310000270605087, 0.10400000214576721, 0.16590000689029694, 0.24369999766349792, 0.27619999647140503, 0.30550000071525574, 0.301800012588501, 0.29660001397132874, 0.3587999939918518, 0.41760000586509705], "loss": [4.2384257316589355, 3.71663761138916, 3.3436672687530518, 3.024848461151123, 2.7290995121002197, 2.4438023567199707, 2.21596360206604, 2.0197813510894775, 1.8299037218093872, 1.676971435546875], "val_loss": [4.52239465713501, 4.170959949493408, 3.774531364440918, 3.4988274574279785, 3.055532932281494, 2.8983893394470215, 3.0013933181762695, 3.0527172088623047, 2.5722198486328125, 2.2986860275268555]}