{"accuracy": [0.6111498475074768, 0.6163762807846069, 0.6163762807846069, 0.6163762807846069, 0.6163762807846069, 0.6163762807846069, 0.6163762807846069, 0.6163762807846069, 0.6163762807846069, 0.6163762807846069], "val_accuracy": [0.6226480603218079, 0.6226480603218079, 0.6226480603218079, 0.6226480603218079, 0.6226480603218079, 0.6226480603218079, 0.6226480603218079, 0.6226480603218079, 0.6226480603218079, 0.6226480603218079], "loss": [1.2551783323287964, 1.1882092952728271, 1.1857987642288208, 1.1856951713562012, 1.1858333349227905, 1.183568000793457, 1.1825753450393677, 1.183477520942688, 1.1827819347381592, 1.183063268661499], "val_loss": [1.1720865964889526, 1.186109185218811, 1.1730289459228516, 1.1743284463882446, 1.1720906496047974, 1.1700526475906372, 1.1695568561553955, 1.170709490776062, 1.170091152191162, 1.1695575714111328]}