{"accuracy": [0.6686427593231201, 0.6748830080032349, 0.6720748543739319, 0.6833073496818542, 0.6751949787139893, 0.6714508533477783, 0.6823713183403015, 0.694851815700531, 0.6954758167266846, 0.7007800340652466], "val_accuracy": [0.6371570825576782, 0.6359102129936218, 0.6371570825576782, 0.6371570825576782, 0.6483790278434753, 0.6384040117263794, 0.647132158279419, 0.6633416414260864, 0.6733167171478271, 0.6758104562759399], "loss": [1.041682481765747, 1.0014917850494385, 1.004868984222412, 0.9768710136413574, 0.9595277309417725, 0.9403756856918335, 0.8749593496322632, 0.8629798889160156, 0.8290314674377441, 0.8061109781265259], "val_loss": [1.058884859085083, 1.0487163066864014, 1.2259316444396973, 1.167134404182434, 1.00182044506073, 0.9677881002426147, 0.9326845407485962, 1.0047155618667603, 0.9000804424285889, 0.9521698951721191]}