{"accuracy": [], "val_accuracy": [], "loss": [3.7658302783966064, 3.536217212677002, 3.388718843460083, 3.304438352584839, 3.1708810329437256, 3.0545082092285156, 2.9941773414611816, 2.9601128101348877, 2.9318978786468506, 2.913013219833374], "val_loss": [3.6133105754852295, 3.468308448791504, 3.257772922515869, 3.2778050899505615, 3.1521549224853516, 3.035797357559204, 2.8792784214019775, 2.8990845680236816, 2.7997753620147705, 2.9352610111236572]}