{"accuracy": [0.5822011232376099, 0.5865321755409241, 0.5865321755409241, 0.5865321755409241, 0.5865321755409241, 0.5865321755409241, 0.5865321755409241, 0.5865321755409241, 0.5865321755409241, 0.5865321755409241], "val_accuracy": [0.5913621187210083, 0.5913621187210083, 0.5913621187210083, 0.5913621187210083, 0.5913621187210083, 0.5913621187210083, 0.5913621187210083, 0.5913621187210083, 0.5913621187210083, 0.5913621187210083], "loss": [1.2618498802185059, 1.2389544248580933, 1.2382410764694214, 1.2366971969604492, 1.2377610206604004, 1.2362622022628784, 1.2364338636398315, 1.2362064123153687, 1.2368158102035522, 1.2374287843704224], "val_loss": [1.242415189743042, 1.236952543258667, 1.2300972938537598, 1.231297492980957, 1.232516884803772, 1.235136866569519, 1.2295496463775635, 1.2310463190078735, 1.2301454544067383, 1.2313910722732544]}