{"accuracy": [0.11264583468437195, 0.11412499845027924, 0.11395833641290665, 0.11395833641290665, 0.11395833641290665, 0.11395833641290665, 0.11395833641290665, 0.11395833641290665, 0.11395833641290665, 0.11395833641290665], "val_accuracy": [0.10599999874830246, 0.10599999874830246, 0.10599999874830246, 0.10599999874830246, 0.10599999874830246, 0.10599999874830246, 0.10599999874830246, 0.10599999874830246, 0.10599999874830246, 0.10599999874830246], "loss": [2.302208662033081, 2.3013720512390137, 2.301316499710083, 2.3012804985046387, 2.3012256622314453, 2.301022529602051, 2.30100417137146, 2.3009984493255615, 2.3009941577911377, 2.3009591102600098], "val_loss": [2.3020265102386475, 2.3024418354034424, 2.302267551422119, 2.3019938468933105, 2.302006959915161, 2.3020334243774414, 2.3020541667938232, 2.302064895629883, 2.3020732402801514, 2.302074909210205]}