{"accuracy": [0.009475000202655792, 0.00930000003427267, 0.010174999944865704, 0.009475000202655792, 0.01054999977350235, 0.010425000451505184, 0.010425000451505184, 0.009650000371038914], "val_accuracy": [0.00860000029206276, 0.008500000461935997, 0.008700000122189522, 0.007699999958276749, 0.008299999870359898, 0.008299999870359898, 0.008299999870359898, 0.008299999870359898], "loss": [4.608237266540527, 4.605537414550781, 4.605469703674316, 4.605456829071045, 4.60543966293335, 4.604942798614502, 4.604938507080078, 4.60493803024292], "val_loss": [4.606240749359131, 4.606856346130371, 4.6072516441345215, 4.607590198516846, 4.607698440551758, 4.60771369934082, 4.607722759246826, 4.607730865478516]}