{"accuracy": [0.6150696873664856, 0.625, 0.6385888457298279, 0.6450348496437073, 0.6439895629882812, 0.6524389982223511, 0.6540069580078125, 0.6617595553398132, 0.6698606014251709, 0.6852787733078003], "val_accuracy": [0.6118466854095459, 0.6282230019569397, 0.6425086855888367, 0.6418118476867676, 0.6379790902137756, 0.6491289138793945, 0.6536585092544556, 0.6456446051597595, 0.6508710980415344, 0.6477351784706116], "loss": [1.1786953210830688, 1.1041820049285889, 1.029413104057312, 1.0073860883712769, 0.9824900031089783, 0.9540528059005737, 0.9407461285591125, 0.9059153199195862, 0.873636782169342, 0.8104104995727539], "val_loss": [1.1567431688308716, 1.0880491733551025, 1.011905550956726, 1.0121370553970337, 1.0143122673034668, 0.9828221797943115, 0.9675065279006958, 0.9848384261131287, 0.9803057909011841, 1.0427552461624146]}