{"accuracy": [0.49158334732055664, 0.7773333191871643, 0.8379999995231628, 0.856249988079071, 0.8713333606719971, 0.874666690826416, 0.8870416879653931, 0.8942499756813049, 0.8985416889190674, 0.9070833325386047], "val_accuracy": [0.749833345413208, 0.8323333263397217, 0.8568333387374878, 0.8726666569709778, 0.8736666440963745, 0.8913333415985107, 0.8968333601951599, 0.8744999766349792, 0.8888333439826965, 0.9013333320617676], "loss": [1.3130701780319214, 0.6173763275146484, 0.455931156873703, 0.3997305929660797, 0.3618259131908417, 0.3431284725666046, 0.3131946921348572, 0.2956011891365051, 0.28446197509765625, 0.26904451847076416], "val_loss": [0.7007911801338196, 0.4654524028301239, 0.39276212453842163, 0.3497953712940216, 0.3528481125831604, 0.3034327030181885, 0.28502267599105835, 0.3477521240711212, 0.2806776463985443, 0.2688138484954834]}