{"accuracy": [0.008750000037252903, 0.009949999861419201, 0.009999999776482582, 0.00925000011920929, 0.008999999612569809, 0.010049999691545963, 0.010350000113248825, 0.010400000028312206], "val_accuracy": [0.009600000455975533, 0.009600000455975533, 0.008200000040233135, 0.007799999788403511, 0.007799999788403511, 0.007799999788403511, 0.007799999788403511, 0.007799999788403511], "loss": [4.605349540710449, 4.605188369750977, 4.605169296264648, 4.6051716804504395, 4.605172634124756, 4.605212211608887, 4.605093955993652, 4.605109691619873], "val_loss": [4.605267524719238, 4.605315685272217, 4.605378150939941, 4.605379581451416, 4.6055169105529785, 4.6055216789245605, 4.605538845062256, 4.605538845062256]}