{"accuracy": [0.43803027272224426, 0.5843963027000427, 0.5843963027000427, 0.5843963027000427, 0.5843963027000427, 0.5843963027000427, 0.5843963027000427, 0.5843963027000427], "val_accuracy": [0.5908875465393066, 0.5908875465393066, 0.5908875465393066, 0.5908875465393066, 0.5908875465393066, 0.5908875465393066, 0.5908875465393066, 0.5908875465393066], "loss": [9.448307037353516, 13.41946792602539, 13.419469833374023, 13.419469833374023, 13.41947078704834, 13.41946792602539, 13.419469833374023, 13.41947078704834], "val_loss": [13.379472732543945, 13.379472732543945, 13.379472732543945, 13.379472732543945, 13.379472732543945, 13.379472732543945, 13.379472732543945, 13.379472732543945]}