{"accuracy": [0.23654235899448395, 0.07114994525909424, 0.03651115670800209, 0.03635512664914131, 0.03916367515921593, 0.03619909659028053, 0.037135276943445206, 0.03697924688458443], "val_accuracy": [0.012476606294512749, 0.025577042251825333, 0.02932002581655979, 0.028696194291114807, 0.028696194291114807, 0.028696194291114807, 0.02932002581655979, 0.028696194291114807], "loss": [11.012219429016113, 12.748588562011719, 13.829524040222168, 13.829524040222168, 13.829524040222168, 13.8295259475708, 13.832040786743164, 13.832040786743164], "val_loss": [12.64022445678711, 13.97895336151123, 13.97122573852539, 13.971814155578613, 13.972134590148926, 13.983627319335938, 13.978811264038086, 13.996499061584473]}