{"accuracy": [0.008700000122189522, 0.009399999864399433, 0.009949999861419201, 0.010049999691545963, 0.008550000376999378, 0.008949999697506428, 0.010099999606609344, 0.010200000368058681], "val_accuracy": [0.011599999852478504, 0.011599999852478504, 0.007600000128149986, 0.010200000368058681, 0.010200000368058681, 0.010200000368058681, 0.010200000368058681, 0.007600000128149986], "loss": [4.613886833190918, 4.605909824371338, 4.605978012084961, 4.605843544006348, 4.606180667877197, 4.605058193206787, 4.605225563049316, 4.605010509490967], "val_loss": [4.606778144836426, 4.607678413391113, 4.608051300048828, 4.607974052429199, 4.607995986938477, 4.607987403869629, 4.607967376708984, 4.607964515686035]}