{"accuracy": [0.6624025106430054, 0.6639625430107117, 0.6633385419845581, 0.6580343246459961, 0.6686427593231201, 0.6661466360092163, 0.6770671010017395, 0.6851794123649597, 0.6845554113388062, 0.6836193203926086], "val_accuracy": [0.6770573854446411, 0.6783042550086975, 0.6783042550086975, 0.6783042550086975, 0.6770573854446411, 0.6920199394226074, 0.7144638299942017, 0.7107232213020325, 0.7094762921333313, 0.7132169604301453], "loss": [1.1365187168121338, 0.9988945722579956, 0.9966396689414978, 1.0036664009094238, 1.1228967905044556, 0.9924116134643555, 0.9227633476257324, 0.8872001767158508, 0.8700637817382812, 0.8539395928382874], "val_loss": [1.1016801595687866, 0.8865529298782349, 0.9470458626747131, 0.8883197903633118, 0.904473602771759, 0.9355217814445496, 0.8542048335075378, 0.832139253616333, 0.8176194429397583, 0.8083831667900085]}