{"accuracy": [0.6712083220481873, 0.8721250295639038, 0.8982916474342346, 0.906000018119812, 0.9154166579246521, 0.9243749976158142, 0.9304166436195374, 0.9310833215713501, 0.9383333325386047, 0.9452083110809326], "val_accuracy": [0.843999981880188, 0.8786666393280029, 0.9014999866485596, 0.8993333578109741, 0.9144999980926514, 0.9154999852180481, 0.9233333468437195, 0.9110000133514404, 0.9041666388511658, 0.9116666913032532], "loss": [0.8330035209655762, 0.35499751567840576, 0.2857137620449066, 0.26058512926101685, 0.22501714527606964, 0.20925691723823547, 0.18939979374408722, 0.186228409409523, 0.16345778107643127, 0.14998389780521393], "val_loss": [0.4105045199394226, 0.3284405767917633, 0.28648999333381653, 0.28373926877975464, 0.24042651057243347, 0.24525785446166992, 0.2240094244480133, 0.26076504588127136, 0.27128615975379944, 0.26107311248779297]}