{"accuracy": [0.4623693525791168, 0.5074042081832886, 0.37308362126350403, 0.3683798015117645, 0.37238675355911255, 0.37168988585472107, 0.37020906805992126, 0.36890244483947754, 0.3688153326511383], "val_accuracy": [0.3759581744670868, 0.3742160201072693, 0.3742160201072693, 0.35923343896865845, 0.3735191524028778, 0.37735190987586975, 0.3794425129890442, 0.3728223145008087, 0.3787456452846527], "loss": [9.449089050292969, 8.365957260131836, 5.812643527984619, 5.877211570739746, 5.799989223480225, 5.809817790985107, 5.9179253578186035, 5.947411060333252, 5.81964635848999], "val_loss": [9.723002433776855, 5.274616241455078, 5.89125394821167, 6.211363315582275, 5.8800153732299805, 5.986721515655518, 5.902480602264404, 6.003569602966309, 5.863167762756348]}