{"accuracy": [0.6034843325614929, 0.6128919720649719, 0.6155052185058594, 0.6118466854095459, 0.6280487775802612, 0.6254355311393738, 0.6313588619232178, 0.6229965090751648, 0.636062741279602, 0.6407665610313416], "val_accuracy": [0.598606288433075, 0.598606288433075, 0.598606288433075, 0.6013936996459961, 0.6188153028488159, 0.6034843325614929, 0.602787435054779, 0.6341463327407837, 0.6334494948387146, 0.6236934065818787], "loss": [1.2708418369293213, 1.176741123199463, 1.171203851699829, 1.146301507949829, 1.0871009826660156, 1.0668727159500122, 1.062575340270996, 1.069939374923706, 1.0258419513702393, 1.0159742832183838], "val_loss": [1.2191342115402222, 1.2085374593734741, 1.1993950605392456, 1.1591298580169678, 1.1173601150512695, 1.1344488859176636, 1.164100170135498, 1.0566473007202148, 1.0499716997146606, 1.0663858652114868]}