{"accuracy": [0.5934978723526001, 0.5952776670455933, 0.5882771611213684, 0.592667281627655, 0.5883958339691162, 0.5932605862617493, 0.5864973664283752, 0.5942097902297974, 0.584598958492279, 0.585785448551178], "val_accuracy": [0.5847176313400269, 0.5847176313400269, 0.5847176313400269, 0.5847176313400269, 0.5847176313400269, 0.5847176313400269, 0.5847176313400269, 0.5847176313400269, 0.5847176313400269, 0.5847176313400269], "loss": [1.2761999368667603, 1.2247475385665894, 1.2356054782867432, 1.228861689567566, 1.2341711521148682, 1.2284808158874512, 1.2376149892807007, 1.2234140634536743, 1.2402467727661133, 1.2389044761657715], "val_loss": [1.2510948181152344, 1.2449361085891724, 1.2420856952667236, 1.244444727897644, 1.2434284687042236, 1.2423450946807861, 1.242594599723816, 1.2417575120925903, 1.2418957948684692, 1.2416200637817383]}