{"accuracy": [0.11212500184774399, 0.11379166692495346, 0.11395833641290665, 0.11395833641290665, 0.11395833641290665, 0.11395833641290665, 0.11395833641290665, 0.11395833641290665], "val_accuracy": [0.10599999874830246, 0.10599999874830246, 0.10599999874830246, 0.10599999874830246, 0.10599999874830246, 0.10599999874830246, 0.10599999874830246, 0.10599999874830246], "loss": [2.302170515060425, 2.301464319229126, 2.301401138305664, 2.301269292831421, 2.301222324371338, 2.301084041595459, 2.301055431365967, 2.3009743690490723], "val_loss": [2.3020708560943604, 2.3022186756134033, 2.302170991897583, 2.3021349906921387, 2.302164316177368, 2.3021273612976074, 2.3020997047424316, 2.3021016120910645]}