{"accuracy": [0.4377083480358124, 0.762291669845581, 0.8163333535194397, 0.8380833268165588, 0.8526250123977661, 0.8666666746139526, 0.8761249780654907, 0.8860416412353516, 0.8845416903495789, 0.8962916731834412], "val_accuracy": [0.7558333277702332, 0.8263333439826965, 0.8274999856948853, 0.8458333611488342, 0.8548333048820496, 0.8675000071525574, 0.8790000081062317, 0.8845000267028809, 0.8811666369438171, 0.8931666612625122], "loss": [1.5295823812484741, 0.6721723079681396, 0.5210825204849243, 0.4520200490951538, 0.4069034159183502, 0.37349238991737366, 0.3427695333957672, 0.3190455734729767, 0.316443532705307, 0.28813618421554565], "val_loss": [0.7290763258934021, 0.5045031309127808, 0.47906291484832764, 0.42066970467567444, 0.3837260603904724, 0.3575485348701477, 0.3391018509864807, 0.31249290704727173, 0.31594306230545044, 0.2880778908729553]}