{"accuracy": [0.4687282145023346, 0.43763065338134766, 0.3896341323852539, 0.11149825900793076, 0.10792683064937592, 0.10940766334533691, 0.10783971846103668, 0.1074041798710823, 0.1074041798710823, 0.10810104757547379], "val_accuracy": [0.5463414788246155, 0.3226480782032013, 0.10905923694372177, 0.10905923694372177, 0.10522647947072983, 0.10557491332292557, 0.10662020742893219, 0.10522647947072983, 0.10662020742893219, 0.10696864128112793], "loss": [8.586623191833496, 9.110360145568848, 7.9920172691345215, 8.840208053588867, 8.978858947753906, 6.993121147155762, 6.800787925720215, 7.029661655426025, 6.796979904174805, 6.9575605392456055], "val_loss": [4.81870698928833, 10.363066673278809, 2.948530673980713, 6.951375961303711, 6.59169340133667, 5.610445022583008, 7.564834117889404, 7.020590305328369, 6.67188024520874, 7.445690155029297]}