{"accuracy": [0.6455538272857666, 0.673634946346283, 0.678939163684845, 0.6730109453201294, 0.668330729007721, 0.6755070090293884, 0.6708268523216248, 0.6755070090293884, 0.6702027916908264, 0.684243381023407], "val_accuracy": [0.6533665657043457, 0.6533665657043457, 0.6533665657043457, 0.6533665657043457, 0.6533665657043457, 0.6533665657043457, 0.6533665657043457, 0.6533665657043457, 0.6533665657043457, 0.6533665657043457], "loss": [1.398751974105835, 1.1398838758468628, 1.0750761032104492, 1.040388822555542, 1.0518783330917358, 1.01615309715271, 1.0296070575714111, 1.125440239906311, 1.0443344116210938, 1.0097306966781616], "val_loss": [1.3187966346740723, 1.1970386505126953, 1.0851777791976929, 1.1349818706512451, 1.035720944404602, 1.0398612022399902, 1.361796498298645, 1.0478920936584473, 1.0846830606460571, 1.040953516960144]}