{"accuracy": [0.05824999883770943, 0.04129999876022339, 0.0541750006377697, 0.041475001722574234, 0.03849999979138374, 0.05087500065565109, 0.11937499791383743, 0.11330000311136246], "val_accuracy": [0.0284000001847744, 0.025699999183416367, 0.02969999983906746, 0.02370000071823597, 0.02889999933540821, 0.05829999968409538, 0.11590000241994858, 0.10719999670982361], "loss": [3.2207586765289307, 2.8108296394348145, 2.5727202892303467, 2.389911651611328, 2.490447521209717, 3.0764565467834473, 3.1545653343200684, 2.944068431854248], "val_loss": [2.115731954574585, 2.1838438510894775, 2.1230266094207764, 2.4529128074645996, 3.631403923034668, 3.104853868484497, 3.0935280323028564, 2.8638765811920166]}