{"accuracy": [0.09827499836683273, 0.09860000014305115, 0.09884999692440033, 0.09894999861717224, 0.09844999760389328, 0.097850002348423, 0.10012499988079071, 0.10062500089406967, 0.09960000216960907, 0.09767500311136246], "val_accuracy": [0.09799999743700027, 0.10249999910593033, 0.10249999910593033, 0.10249999910593033, 0.09520000219345093, 0.09799999743700027, 0.09520000219345093, 0.09520000219345093, 0.09969999641180038, 0.10249999910593033], "loss": [2.3064963817596436, 2.3029656410217285, 2.3028547763824463, 2.3028721809387207, 2.3028573989868164, 2.302884101867676, 2.3028640747070312, 2.3028314113616943, 2.302873373031616, 2.302839517593384], "val_loss": [2.3032915592193604, 2.302781581878662, 2.3028178215026855, 2.3026933670043945, 2.302717685699463, 2.3026516437530518, 2.302715539932251, 2.302873373031616, 2.3026108741760254, 2.302639961242676]}