{"accuracy": [0.5759373307228088, 0.5771238803863525, 0.6023967862129211, 0.5854295492172241, 0.5919553637504578, 0.6134313941001892, 0.6121262311935425, 0.6254152655601501, 0.6241101026535034, 0.6288561820983887], "val_accuracy": [0.5889890789985657, 0.5889890789985657, 0.5956336259841919, 0.5889890789985657, 0.6003797054290771, 0.6136687397956848, 0.6245847344398499, 0.6093972325325012, 0.6340768933296204, 0.6136687397956848], "loss": [1.2991288900375366, 1.2295255661010742, 1.1576738357543945, 1.2235939502716064, 1.1739046573638916, 1.118876576423645, 1.1174951791763306, 1.0856711864471436, 1.0839132070541382, 1.0553096532821655], "val_loss": [1.2471421957015991, 1.1444047689437866, 1.1735317707061768, 1.228655457496643, 1.1628459692001343, 1.135377287864685, 1.080264687538147, 1.0999977588653564, 1.0506079196929932, 1.0754495859146118]}