{"accuracy": [0.5166813135147095, 0.5908691883087158, 0.6018437147140503, 0.6571553945541382, 0.7510974407196045, 0.8143107891082764, 0.8467954397201538, 0.8696224689483643, 0.8972783088684082, 0.895961344242096], "val_accuracy": [0.5947368144989014, 0.5947368144989014, 0.6578947305679321, 0.699999988079071, 0.7842105031013489, 0.8438596725463867, 0.7368420958518982, 0.8666666746139526, 0.8947368264198303, 0.9070175290107727], "loss": [1.4004669189453125, 1.0847347974777222, 0.9230104088783264, 0.7999311089515686, 0.5456710457801819, 0.4288967549800873, 0.36639127135276794, 0.32855382561683655, 0.26631274819374084, 0.29767951369285583], "val_loss": [1.1064703464508057, 1.02885901927948, 0.8429587483406067, 0.6333978176116943, 0.5111448168754578, 0.38470709323883057, 0.5635754466056824, 0.3279547691345215, 0.2816148102283478, 0.3063371479511261]}