{"accuracy": [0.10377500206232071, 0.11732500046491623, 0.12269999831914902, 0.12285000085830688, 0.12262500077486038, 0.12207499891519547, 0.12297499924898148, 0.12304999679327011, 0.12212499976158142, 0.12280000001192093], "val_accuracy": [0.10729999840259552, 0.1265999972820282, 0.12639999389648438, 0.12630000710487366, 0.12559999525547028, 0.1273999959230423, 0.12520000338554382, 0.12470000237226486, 0.12520000338554382, 0.12710000574588776], "loss": [8.274591445922852, 8.17326831817627, 8.255281448364258, 8.228686332702637, 8.212568283081055, 8.230298042297363, 8.23110580444336, 8.246419906616211, 8.213375091552734, 8.234732627868652], "val_loss": [8.73874568939209, 8.344335556030273, 8.333054542541504, 8.337891578674316, 8.315324783325195, 8.339503288269043, 8.333057403564453, 8.321773529052734, 8.333056449890137, 8.321773529052734]}