{"accuracy": [0.6076534986495972, 0.638208270072937, 0.6653218865394592, 0.6861465573310852, 0.7148027420043945, 0.7377632856369019, 0.7891426682472229, 0.8036784529685974, 0.81791752576828, 0.8276475667953491], "val_accuracy": [0.1333649754524231, 0.6060749888420105, 0.16753678023815155, 0.4613194167613983, 0.353108674287796, 0.27052682638168335, 0.7776459455490112, 0.7513051629066467, 0.7790697813034058, 0.7667299509048462], "loss": [1.1389985084533691, 0.9779048562049866, 0.894848644733429, 0.8262574672698975, 0.7660889625549316, 0.7037920951843262, 0.5859896540641785, 0.5445477962493896, 0.5076059103012085, 0.4688825011253357], "val_loss": [1.8482316732406616, 1.2043527364730835, 2.15667462348938, 1.3147163391113281, 1.8248192071914673, 2.2206735610961914, 0.6202375888824463, 0.6909072399139404, 0.6278766393661499, 0.6738800406455994]}