{"accuracy": [0.610104501247406, 0.6116724610328674, 0.6148083806037903, 0.6127177476882935, 0.597212553024292, 0.6210801601409912, 0.5940766334533691, 0.60905921459198, 0.6229965090751648, 0.6355400681495667], "val_accuracy": [0.6097561120986938, 0.6097561120986938, 0.6097561120986938, 0.6097561120986938, 0.6097561120986938, 0.6202090382575989, 0.6097561120986938, 0.6097561120986938, 0.6229965090751648, 0.6264808177947998], "loss": [1.4022560119628906, 1.1920254230499268, 1.1855652332305908, 1.1729404926300049, 1.1691216230392456, 1.124638319015503, 1.1575311422348022, 1.112510323524475, 1.0933399200439453, 1.0565003156661987], "val_loss": [1.1948186159133911, 1.1921308040618896, 1.1968753337860107, 1.1873925924301147, 1.125040054321289, 1.1086857318878174, 1.1122745275497437, 1.0932071208953857, 1.0704944133758545, 1.065742015838623]}