{"accuracy": [0.5538968443870544, 0.6050493717193604, 0.6050493717193604, 0.6050493717193604, 0.6050493717193604, 0.6050493717193604, 0.6050493717193604, 0.6050493717193604, 0.6050493717193604, 0.6050493717193604], "val_accuracy": [0.5864793658256531, 0.5864793658256531, 0.5864793658256531, 0.5864793658256531, 0.5864793658256531, 0.5864793658256531, 0.5864793658256531, 0.5864793658256531, 0.5864793658256531, 0.5864793658256531], "loss": [1.2951812744140625, 1.0765953063964844, 1.077073574066162, 1.071753740310669, 1.071168065071106, 1.0695163011550903, 1.0677943229675293, 1.0719877481460571, 1.0710973739624023, 1.0697304010391235], "val_loss": [1.1018993854522705, 1.0990010499954224, 1.0915852785110474, 1.0877273082733154, 1.0900696516036987, 1.086666464805603, 1.0888468027114868, 1.0847363471984863, 1.0834596157073975, 1.083901047706604]}