{"accuracy": [0.1107083335518837, 0.11183333396911621, 0.11100000143051147, 0.11566666513681412, 0.11245833337306976, 0.11137499660253525, 0.11387500166893005, 0.11637499928474426], "val_accuracy": [0.1041666641831398, 0.1041666641831398, 0.1041666641831398, 0.1041666641831398, 0.1041666641831398, 0.1041666641831398, 0.1041666641831398, 0.1041666641831398], "loss": [2.3038153648376465, 2.3016364574432373, 2.301665782928467, 2.301344633102417, 2.301460027694702, 2.3013272285461426, 2.3009250164031982, 2.300924062728882], "val_loss": [2.3021559715270996, 2.302389621734619, 2.3022031784057617, 2.3025639057159424, 2.3023509979248047, 2.3023369312286377, 2.3023390769958496, 2.3023452758789062]}