{"accuracy": [0.5993413925170898, 0.6046103239059448, 0.6046103239059448, 0.6046103239059448, 0.6046103239059448, 0.6046103239059448, 0.6046103239059448, 0.6046103239059448, 0.6046103239059448, 0.6046103239059448], "val_accuracy": [0.5935030579566956, 0.5935030579566956, 0.5935030579566956, 0.5935030579566956, 0.5935030579566956, 0.5935030579566956, 0.5935030579566956, 0.5935030579566956, 0.5935030579566956, 0.5935030579566956], "loss": [1.1434730291366577, 1.0696176290512085, 1.0717660188674927, 1.0721476078033447, 1.0686289072036743, 1.0688928365707397, 1.0648362636566162, 1.062978982925415, 1.063499093055725, 1.063638687133789], "val_loss": [1.0815463066101074, 1.0715619325637817, 1.0780787467956543, 1.0759971141815186, 1.0724928379058838, 1.0761175155639648, 1.0702857971191406, 1.0704010725021362, 1.0706133842468262, 1.070261001586914]}