{"accuracy": [0.6685910224914551, 0.6717116832733154, 0.7033858895301819, 0.7047901153564453, 0.7099391222000122, 0.7188329100608826, 0.7253862023353577, 0.7425495386123657, 0.7372444868087769, 0.7500389814376831], "val_accuracy": [0.04054896906018257, 0.056144729256629944, 0.4940735995769501, 0.44229570031166077, 0.6437928676605225, 0.5901435017585754, 0.7105427384376526, 0.6568933129310608, 0.7018091082572937, 0.40486589074134827], "loss": [1.0633113384246826, 0.939635694026947, 0.8442543745040894, 0.8200139999389648, 0.7895449995994568, 0.7825924158096313, 0.7602619528770447, 0.7279181480407715, 0.717621922492981, 0.6965372562408447], "val_loss": [2.3449625968933105, 2.521049737930298, 1.527345895767212, 1.6368913650512695, 1.0977863073349, 1.1370506286621094, 0.7946832180023193, 0.915073037147522, 0.896823525428772, 11.255377769470215]}