{"accuracy": [0.5457738637924194, 0.598463237285614, 0.598463237285614, 0.598463237285614, 0.598463237285614, 0.598463237285614, 0.598463237285614, 0.598463237285614, 0.598463237285614, 0.598463237285614], "val_accuracy": [0.6172080636024475, 0.6172080636024475, 0.6172080636024475, 0.6172080636024475, 0.6172080636024475, 0.6172080636024475, 0.6172080636024475, 0.6172080636024475, 0.6172080636024475, 0.6172080636024475], "loss": [1.1728826761245728, 1.085099697113037, 1.0854463577270508, 1.0790114402770996, 1.0779497623443604, 1.0783610343933105, 1.078740119934082, 1.076802134513855, 1.0762513875961304, 1.0738626718521118], "val_loss": [1.0556204319000244, 1.0411375761032104, 1.0454896688461304, 1.0402147769927979, 1.045166254043579, 1.0421764850616455, 1.0421555042266846, 1.0461466312408447, 1.0411431789398193, 1.040750503540039]}