{"accuracy": [0.5260153412818909, 0.5991218686103821, 0.5991218686103821, 0.5991218686103821, 0.5991218686103821, 0.5991218686103821, 0.5991218686103821, 0.5991218686103821, 0.5991218686103821, 0.5991218686103821], "val_accuracy": [0.5996488332748413, 0.5996488332748413, 0.5996488332748413, 0.5996488332748413, 0.5996488332748413, 0.5996488332748413, 0.5996488332748413, 0.5996488332748413, 0.5996488332748413, 0.5996488332748413], "loss": [1.3597089052200317, 1.0831799507141113, 1.0782595872879028, 1.078264594078064, 1.0777802467346191, 1.0785967111587524, 1.0750205516815186, 1.079214334487915, 1.0793169736862183, 1.077580451965332], "val_loss": [1.0628507137298584, 1.0588732957839966, 1.0653902292251587, 1.0625309944152832, 1.0626250505447388, 1.056306004524231, 1.0600582361221313, 1.0616016387939453, 1.0570478439331055, 1.0604201555252075]}