{"accuracy": [0.320291668176651, 0.6379166841506958, 0.8538749814033508, 0.937583327293396, 0.9623333215713501, 0.9728333353996277, 0.9753333330154419, 0.9783750176429749, 0.9833333492279053, 0.9832083582878113], "val_accuracy": [0.5669999718666077, 0.7748333215713501, 0.9288333058357239, 0.9610000252723694, 0.9786666631698608, 0.9788333177566528, 0.9794999957084656, 0.9854999780654907, 0.9853333234786987, 0.9868333339691162], "loss": [1.924147605895996, 1.1073927879333496, 0.46670547127723694, 0.20919911563396454, 0.1278020590543747, 0.09236538410186768, 0.08473818749189377, 0.06735797226428986, 0.05618298798799515, 0.05536266043782234], "val_loss": [1.446597695350647, 0.6782292723655701, 0.2429722547531128, 0.1283249855041504, 0.07633984833955765, 0.07255266606807709, 0.07002566754817963, 0.04556136578321457, 0.04546693339943886, 0.04636026546359062]}