{"accuracy": [0.3224000036716461, 0.46880000829696655, 0.5332499742507935, 0.550849974155426, 0.5819000005722046, 0.605650007724762, 0.6232500076293945, 0.6427000164985657, 0.6570500135421753, 0.6650500297546387], "val_accuracy": [0.41119998693466187, 0.5, 0.5077999830245972, 0.5425999760627747, 0.5777999758720398, 0.5934000015258789, 0.6025999784469604, 0.59579998254776, 0.6047999858856201, 0.6233999729156494], "loss": [1.8593199253082275, 1.474863052368164, 1.3163663148880005, 1.252956509590149, 1.1758074760437012, 1.1145293712615967, 1.0696667432785034, 1.012417197227478, 0.9797313213348389, 0.9505073428153992], "val_loss": [1.6334437131881714, 1.4101154804229736, 1.366800308227539, 1.2920787334442139, 1.1911379098892212, 1.1566904783248901, 1.1310900449752808, 1.1509556770324707, 1.1353498697280884, 1.0935866832733154]}