{"accuracy": [0.6062718033790588, 0.613937258720398, 0.6297909617424011, 0.6329268217086792, 0.6547038555145264, 0.6522648334503174, 0.6594076752662659, 0.6655052304267883, 0.6684669256210327, 0.6799651384353638], "val_accuracy": [0.6000000238418579, 0.6000000238418579, 0.6132404208183289, 0.6202090382575989, 0.6216027736663818, 0.6306620240211487, 0.6334494948387146, 0.6376306414604187, 0.6404181122779846, 0.6439024209976196], "loss": [1.1846643686294556, 1.1264755725860596, 1.0747911930084229, 1.0439329147338867, 0.9865720272064209, 0.9710903763771057, 0.9440541863441467, 0.9201073050498962, 0.8978610634803772, 0.8855125904083252], "val_loss": [1.164050817489624, 1.1204142570495605, 1.0788252353668213, 1.0515087842941284, 1.0808404684066772, 1.0030543804168701, 1.009629487991333, 0.9899046421051025, 0.9949293732643127, 0.9824033975601196]}