{"accuracy": [0.6784791946411133, 0.8367916941642761, 0.8675416707992554, 0.886104166507721, 0.8995624780654907, 0.9079375267028809, 0.9160208106040955, 0.922208309173584, 0.929520845413208, 0.9324583411216736], "val_accuracy": [0.8180000185966492, 0.8600833415985107, 0.8794999718666077, 0.8930000066757202, 0.8879166841506958, 0.9001666903495789, 0.8910833597183228, 0.9102500081062317, 0.9002500176429749, 0.9035833477973938], "loss": [0.8202298283576965, 0.44084432721138, 0.36121127009391785, 0.31146275997161865, 0.2751980423927307, 0.2521788775920868, 0.23023128509521484, 0.2127869874238968, 0.19442619383335114, 0.1817193627357483], "val_loss": [0.497212678194046, 0.3838981091976166, 0.3370423913002014, 0.2986523509025574, 0.3186590373516083, 0.29127153754234314, 0.30598586797714233, 0.254346638917923, 0.2807207703590393, 0.2780029773712158]}