{"accuracy": [0.010274999774992466, 0.009549999609589577, 0.009549999609589577, 0.009600000455975533, 0.00930000003427267, 0.009349999949336052, 0.009525000117719173, 0.009425000287592411, 0.009525000117719173], "val_accuracy": [0.010700000450015068, 0.010300000198185444, 0.010200000368058681, 0.010300000198185444, 0.010300000198185444, 0.010499999858438969, 0.010200000368058681, 0.010200000368058681, 0.010300000198185444], "loss": [8.281285285949707, 8.02486515045166, 8.019157409667969, 8.074356079101562, 8.053805351257324, 8.050985336303711, 8.090877532958984, 8.06750774383545, 8.085235595703125], "val_loss": [7.897863864898682, 7.883358478546143, 8.005855560302734, 7.93010139465332, 7.930102348327637, 7.925265789031982, 7.976842880249023, 7.984903335571289, 7.922042369842529]}