{"accuracy": [0.09833333641290665, 0.10010416805744171, 0.0976666659116745, 0.09970833361148834, 0.0989374965429306, 0.10116666555404663, 0.10168749839067459, 0.0976666659116745, 0.09877083450555801], "val_accuracy": [0.09833333641290665, 0.09833333641290665, 0.09833333641290665, 0.09833333641290665, 0.09833333641290665, 0.09833333641290665, 0.09833333641290665, 0.09833333641290665, 0.09833333641290665], "loss": [2.303860664367676, 2.302868127822876, 2.302818536758423, 2.3027162551879883, 2.302753210067749, 2.3026134967803955, 2.302600860595703, 2.302614688873291, 2.30261492729187], "val_loss": [2.302652597427368, 2.302626848220825, 2.302633762359619, 2.3026981353759766, 2.302654981613159, 2.302654981613159, 2.3026561737060547, 2.302664041519165, 2.302671194076538]}