{"accuracy": [0.636817455291748, 0.6692667603492737, 0.6636505722999573, 0.6595943570137024, 0.6624025106430054, 0.6611544489860535, 0.6664586663246155, 0.6726989150047302, 0.6549142003059387, 0.6686427593231201], "val_accuracy": [0.694513738155365, 0.694513738155365, 0.694513738155365, 0.694513738155365, 0.694513738155365, 0.694513738155365, 0.694513738155365, 0.694513738155365, 0.694513738155365, 0.694513738155365], "loss": [1.413723349571228, 1.1522853374481201, 1.0922539234161377, 1.0594170093536377, 1.0431408882141113, 1.024861216545105, 1.0025739669799805, 0.9943808913230896, 1.0297564268112183, 1.01615309715271], "val_loss": [1.1298322677612305, 1.046159267425537, 0.9833396673202515, 1.0364850759506226, 0.969315230846405, 0.9549692273139954, 0.9307912588119507, 0.9702696204185486, 1.065990924835205, 0.9256669282913208]}