{"accuracy": [0.09830000251531601, 0.09574999660253525, 0.09759999811649323, 0.09905000030994415, 0.09950000047683716, 0.09655000269412994, 0.10320000350475311, 0.09825000166893005, 0.10125000029802322, 0.09529999643564224], "val_accuracy": [0.10199999809265137, 0.10019999742507935, 0.09799999743700027, 0.10199999809265137, 0.10199999809265137, 0.10019999742507935, 0.10019999742507935, 0.10019999742507935, 0.09619999676942825, 0.09619999676942825], "loss": [2.311598777770996, 2.3027944564819336, 2.3029258251190186, 2.3027358055114746, 2.302915334701538, 2.302860975265503, 2.3025760650634766, 2.302611827850342, 2.302612066268921, 2.3026375770568848], "val_loss": [2.30281662940979, 2.3026580810546875, 2.3027796745300293, 2.3028013706207275, 2.3027374744415283, 2.302633762359619, 2.302640438079834, 2.302652597427368, 2.3026607036590576, 2.3026692867279053]}