{"accuracy": [0.6027216911315918, 0.5943810343742371, 0.6128182411193848, 0.6106233596801758, 0.5961369872093201, 0.612379252910614, 0.6018437147140503, 0.6387181878089905, 0.6654960513114929, 0.618086040019989], "val_accuracy": [0.601754367351532, 0.601754367351532, 0.601754367351532, 0.601754367351532, 0.601754367351532, 0.601754367351532, 0.6087719202041626, 0.6280701756477356, 0.6912280917167664, 0.6175438761711121], "loss": [1.3602969646453857, 1.1127042770385742, 1.0499887466430664, 1.0499458312988281, 1.0653061866760254, 0.982380211353302, 0.9546574950218201, 0.8860125541687012, 0.7357616424560547, 0.9898983836174011], "val_loss": [1.2488839626312256, 1.0605968236923218, 1.0628379583358765, 1.0581369400024414, 1.0672743320465088, 1.018837809562683, 0.9299344420433044, 0.8330482840538025, 0.7065095901489258, 0.9648741483688354]}