{"accuracy": [0.44640350341796875, 0.5517241358757019, 0.5943204760551453, 0.6197534799575806, 0.633796215057373, 0.6378530263900757, 0.6372289061546326, 0.645498514175415, 0.651583731174469, 0.6493992805480957], "val_accuracy": [0.6643792986869812, 0.6643792986869812, 0.6643792986869812, 0.6643792986869812, 0.6643792986869812, 0.6643792986869812, 0.6643792986869812, 0.6643792986869812, 0.6643792986869812, 0.6643792986869812], "loss": [1.86362624168396, 1.5013418197631836, 1.3908885717391968, 1.3325427770614624, 1.2792255878448486, 1.2623438835144043, 1.2407087087631226, 1.2343236207962036, 1.2402266263961792, 1.2259193658828735], "val_loss": [1.0847512483596802, 1.224337100982666, 1.1645612716674805, 1.1568665504455566, 1.0744255781173706, 1.0726243257522583, 1.0232986211776733, 0.9609054923057556, 1.0242127180099487, 1.029628872871399]}