{"accuracy": [0.09791667014360428, 0.09931249916553497, 0.09810416400432587, 0.09825000166893005, 0.09724999964237213, 0.10041666775941849, 0.09956250339746475, 0.10041666775941849, 0.10041666775941849, 0.10041666775941849], "val_accuracy": [0.09833333641290665, 0.09833333641290665, 0.09833333641290665, 0.10125000029802322, 0.09833333641290665, 0.09833333641290665, 0.09833333641290665, 0.09833333641290665, 0.09833333641290665, 0.09833333641290665], "loss": [2.303488254547119, 2.3028345108032227, 2.3028039932250977, 2.302823781967163, 2.3028743267059326, 2.302672863006592, 2.3026373386383057, 2.3026225566864014, 2.302616596221924, 2.302583694458008], "val_loss": [2.3026583194732666, 2.3026161193847656, 2.302586555480957, 2.302685499191284, 2.3026649951934814, 2.3026561737060547, 2.302659749984741, 2.302661180496216, 2.302670955657959, 2.302673101425171]}