{"accuracy": [0.6138501763343811, 0.6290940642356873, 0.6393728256225586, 0.6464285850524902, 0.6476480960845947, 0.6575784087181091, 0.6680313348770142, 0.6776132583618164, 0.690330982208252, 0.6952961683273315], "val_accuracy": [0.6062718033790588, 0.1557491272687912, 0.6111498475074768, 0.599303126335144, 0.5790940523147583, 0.6459930539131165, 0.5303136110305786, 0.6777003407478333, 0.6470383405685425, 0.5808362364768982], "loss": [1.1447104215621948, 1.0368223190307617, 0.9854684472084045, 0.9501136541366577, 0.9264264702796936, 0.8932072520256042, 0.8595189452171326, 0.823469340801239, 0.7936629056930542, 0.776362955570221], "val_loss": [1.2139700651168823, 2.230940580368042, 1.2775310277938843, 1.154583215713501, 1.1792737245559692, 2.099503993988037, 1.315892219543457, 0.9862765073776245, 1.0985816717147827, 1.0093282461166382]}