{"accuracy": [0.4436882436275482, 0.5225027203559875, 0.5464324951171875, 0.5740944147109985, 0.5852909088134766, 0.5909988880157471, 0.5920966267585754, 0.6074643135070801, 0.6175631284713745, 0.6289791464805603], "val_accuracy": [0.616330087184906, 0.6093063950538635, 0.6093063950538635, 0.6093063950538635, 0.640035092830658, 0.610184371471405, 0.6189640164375305, 0.6426690220832825, 0.7023705244064331, 0.7164179086685181], "loss": [1.505219578742981, 1.1254137754440308, 1.085713505744934, 1.0411598682403564, 1.0509498119354248, 0.9863019585609436, 0.9789688587188721, 0.9811376333236694, 0.9358122944831848, 0.8821485042572021], "val_loss": [0.8238945603370667, 0.7921973466873169, 0.7128614783287048, 0.728445291519165, 0.6936935782432556, 0.8025592565536499, 0.7207579016685486, 0.6782090067863464, 0.6422232985496521, 0.6729810237884521]}