{"accuracy": [0.43037500977516174, 0.6679999828338623, 0.7570750117301941, 0.8078500032424927, 0.8508750200271606, 0.8834499716758728, 0.9100750088691711, 0.9348000288009644, 0.978725016117096, 0.9922999739646912], "val_accuracy": [0.5026000142097473, 0.5774999856948853, 0.666700005531311, 0.7239999771118164, 0.7001000046730042, 0.7404000163078308, 0.7217000126838684, 0.6988999843597412, 0.8425999879837036, 0.8446000218391418], "loss": [1.5873610973358154, 0.9509855508804321, 0.7031826972961426, 0.555900514125824, 0.43330132961273193, 0.3358897566795349, 0.2575368583202362, 0.18986113369464874, 0.06755367666482925, 0.02825680561363697], "val_loss": [1.4031927585601807, 1.2294049263000488, 1.0452951192855835, 0.8756686449050903, 1.0423948764801025, 0.9652912020683289, 0.9303290247917175, 1.3238749504089355, 0.5654124021530151, 0.5899450182914734]}