{"accuracy": [], "val_accuracy": [], "loss": [6.945602893829346, 6.907423973083496, 6.905714988708496, 6.904897689819336, 6.904532432556152, 6.913889408111572, 6.904382705688477, 6.904052257537842, 6.903872489929199, 6.903781414031982], "val_loss": [6.907544136047363, 6.906435489654541, 6.907093524932861, 6.907268047332764, 6.906602382659912, 6.907195091247559, 6.906583309173584, 6.906439304351807, 6.906331539154053, 6.90630578994751]}