{"accuracy": [0.6217769980430603, 0.6102787256240845, 0.6113240122795105, 0.6193379759788513, 0.6198606491088867, 0.6203832626342773, 0.611498236656189, 0.6123693585395813, 0.6137630939483643, 0.6111498475074768], "val_accuracy": [0.5951219797134399, 0.5951219797134399, 0.5951219797134399, 0.5951219797134399, 0.5951219797134399, 0.5951219797134399, 0.5951219797134399, 0.5951219797134399, 0.5951219797134399, 0.5951219797134399], "loss": [1.2124156951904297, 1.2075703144073486, 1.1967469453811646, 1.1798065900802612, 1.1783701181411743, 1.1799709796905518, 1.1944371461868286, 1.1929556131362915, 1.1953705549240112, 1.1948180198669434], "val_loss": [1.221773624420166, 1.2203627824783325, 1.222022533416748, 1.2255043983459473, 1.2159353494644165, 1.2193936109542847, 1.2185556888580322, 1.216375708580017, 1.2175976037979126, 1.2163002490997314]}