{"accuracy": [0.6556404829025269, 0.6873146891593933, 0.7047901153564453, 0.7230457067489624, 0.7264783978462219, 0.7178966999053955, 0.7350600957870483, 0.7467623949050903, 0.7576845288276672, 0.7701669335365295], "val_accuracy": [0.471615731716156, 0.4379288852214813, 0.15845289826393127, 0.5807860493659973, 0.6350592374801636, 0.693699300289154, 0.7242670059204102, 0.6519026756286621, 0.7660636305809021, 0.7436057329177856], "loss": [1.0032469034194946, 0.8372704386711121, 0.8095799684524536, 0.7563762068748474, 0.7392221689224243, 0.7887153029441833, 0.7324142456054688, 0.6842934489250183, 0.644712507724762, 0.6264179348945618], "val_loss": [1.7826073169708252, 1.8102095127105713, 2.0009992122650146, 1.1982834339141846, 0.9665647745132446, 0.7805541157722473, 0.8747009038925171, 0.8908416032791138, 0.717693030834198, 0.7087752819061279]}