{"accuracy": [0.3812499940395355, 0.8187500238418579, 0.9489166736602783, 0.9715416431427002, 0.9776666760444641, 0.9792083501815796, 0.9832500219345093, 0.9836666584014893, 0.9855833053588867, 0.9862916469573975], "val_accuracy": [0.6775000095367432, 0.9358333349227905, 0.9728333353996277, 0.9768333435058594, 0.9779999852180481, 0.9826666712760925, 0.9866666793823242, 0.9861666560173035, 0.9829999804496765, 0.987666666507721], "loss": [1.841825008392334, 0.6504613161087036, 0.16762684285640717, 0.09675920754671097, 0.07554501295089722, 0.06655019521713257, 0.05612123757600784, 0.051525529474020004, 0.04448648914694786, 0.04436910152435303], "val_loss": [1.139279842376709, 0.22745086252689362, 0.09449127316474915, 0.07297838479280472, 0.07371783256530762, 0.05155489593744278, 0.041674625128507614, 0.04390111193060875, 0.05311037600040436, 0.0439147986471653]}