{"accuracy": [0.11422916501760483, 0.12604166567325592, 0.12295833230018616, 0.10774999856948853, 0.0950416699051857, 0.1276666671037674, 0.13506250083446503, 0.13462500274181366, 0.13577082753181458, 0.13449999690055847], "val_accuracy": [0.15433333814144135, 0.10300000011920929, 0.11091666668653488, 0.10350000113248825, 0.09700000286102295, 0.13708333671092987, 0.13650000095367432, 0.13741666078567505, 0.13516665995121002, 0.1353333294391632], "loss": [7.601651191711426, 7.677264213562012, 7.922094821929932, 8.080005645751953, 8.440786361694336, 7.113972187042236, 6.271621227264404, 6.274307727813721, 6.275987148284912, 6.275987148284912], "val_loss": [7.876965045928955, 8.056418418884277, 8.064534187316895, 6.54338264465332, 8.183056831359863, 6.153084754943848, 6.169203281402588, 6.157114505767822, 6.18666410446167, 6.159801006317139]}