{"accuracy": [0.11337500065565109, 0.11112499982118607, 0.11554166674613953, 0.11629166454076767, 0.11133333295583725, 0.1132083311676979, 0.1120000034570694, 0.11550000309944153, 0.1120000034570694, 0.11158332973718643], "val_accuracy": [0.1041666641831398, 0.1041666641831398, 0.1041666641831398, 0.1041666641831398, 0.1041666641831398, 0.1041666641831398, 0.1041666641831398, 0.1041666641831398, 0.1041666641831398, 0.1041666641831398], "loss": [2.302020788192749, 2.3016653060913086, 2.301100015640259, 2.3011791706085205, 2.301513910293579, 2.3013150691986084, 2.3016271591186523, 2.3008649349212646, 2.301467180252075, 2.3010740280151367], "val_loss": [2.3024535179138184, 2.302356004714966, 2.3024771213531494, 2.3022618293762207, 2.3024518489837646, 2.302377223968506, 2.3024075031280518, 2.3022921085357666, 2.3023104667663574, 2.3023295402526855]}