{"accuracy": [0.09494999796152115, 0.20542499423027039, 0.31279999017715454, 0.40502500534057617, 0.476375013589859, 0.5430750250816345, 0.6061999797821045, 0.6801249980926514, 0.7474250197410583, 0.8065000176429749], "val_accuracy": [0.12470000237226486, 0.17749999463558197, 0.32850000262260437, 0.3481999933719635, 0.37229999899864197, 0.3750999867916107, 0.43869999051094055, 0.3946000039577484, 0.36230000853538513, 0.38769999146461487], "loss": [3.995203971862793, 3.235866069793701, 2.655000686645508, 2.2231171131134033, 1.9016847610473633, 1.6148715019226074, 1.3513798713684082, 1.0682531595230103, 0.8164159059524536, 0.6026592254638672], "val_loss": [4.031443119049072, 3.555861711502075, 2.577242612838745, 2.6307249069213867, 2.5047473907470703, 2.584237575531006, 2.19498610496521, 2.6305439472198486, 3.066885232925415, 3.0270042419433594]}