{"accuracy": [0.1726490706205368, 0.09694452583789825, 0.09498664736747742, 0.09463067352771759, 0.09451201558113098, 0.09670720994472504, 0.09504598379135132, 0.09563927352428436], "val_accuracy": [0.11604176461696625, 0.09231134504079819, 0.08993829786777496, 0.09444708377122879, 0.09207403659820557, 0.09254864603281021, 0.09753203392028809, 0.09041290730237961], "loss": [6.969767093658447, 10.228257179260254, 10.357465744018555, 10.35937786102295, 10.358419418334961, 10.358423233032227, 10.357467651367188, 10.358419418334961], "val_loss": [7.260943412780762, 10.415181159973145, 10.415181159973145, 10.415181159973145, 10.415181159973145, 10.415181159973145, 10.415181159973145, 10.415181159973145]}