{"accuracy": [0.011824999935925007, 0.0101500004529953, 0.0101500004529953, 0.0101500004529953, 0.0101500004529953, 0.0101500004529953, 0.0101500004529953, 0.0101500004529953, 0.0101500004529953], "val_accuracy": [0.009399999864399433, 0.009399999864399433, 0.009399999864399433, 0.009399999864399433, 0.009399999864399433, 0.009399999864399433, 0.009399999864399433, 0.009399999864399433, 0.009399999864399433], "loss": [6.1685075759887695, 8.286279678344727, 8.16922378540039, 8.21700668334961, 8.13210391998291, 8.192328453063965, 8.3642578125, 8.260903358459473, 8.168235778808594], "val_loss": [8.392971992492676, 7.798698425292969, 8.409102439880371, 8.109762191772461, 8.227935791015625, 8.038650512695312, 8.498527526855469, 8.002403259277344, 8.47209644317627]}