{"accuracy": [0.607665479183197, 0.6222996711730957, 0.6160278916358948, 0.6148083806037903, 0.6193379759788513, 0.6097561120986938, 0.6179442405700684, 0.6250870823860168, 0.6238675713539124, 0.6259582042694092], "val_accuracy": [0.6404181122779846, 0.6404181122779846, 0.6404181122779846, 0.6404181122779846, 0.6404181122779846, 0.6404181122779846, 0.6404181122779846, 0.6432055830955505, 0.6480836272239685, 0.6543554067611694], "loss": [1.4283485412597656, 1.1536712646484375, 1.2077397108078003, 1.193183422088623, 1.157113790512085, 1.162152647972107, 1.121537685394287, 1.084301471710205, 1.083514928817749, 1.0681675672531128], "val_loss": [1.1543965339660645, 1.098851203918457, 1.3230000734329224, 1.1357518434524536, 1.112003207206726, 1.104492425918579, 1.0801366567611694, 1.0455201864242554, 1.060710072517395, 1.0216681957244873]}