{"accuracy": [0.009025000035762787, 0.008674999698996544, 0.00930000003427267, 0.009425000287592411, 0.009949999861419201, 0.010575000196695328, 0.010575000196695328, 0.010575000196695328], "val_accuracy": [0.00839999970048666, 0.00839999970048666, 0.00839999970048666, 0.007699999958276749, 0.007699999958276749, 0.007699999958276749, 0.007699999958276749, 0.007699999958276749], "loss": [4.606675624847412, 4.605550765991211, 4.605461597442627, 4.605433464050293, 4.605453014373779, 4.604947090148926, 4.604943752288818, 4.604936122894287], "val_loss": [4.606191635131836, 4.6068525314331055, 4.607264995574951, 4.607606410980225, 4.607780456542969, 4.607792854309082, 4.607802391052246, 4.607806205749512]}