{"accuracy": [0.2689499855041504, 0.4253250062465668, 0.5122500061988831, 0.5713499784469604, 0.6218500137329102, 0.6569749712944031, 0.6895750164985657, 0.7207750082015991, 0.7473250031471252, 0.771399974822998], "val_accuracy": [0.37940001487731934, 0.4659000039100647, 0.5523999929428101, 0.5741999745368958, 0.5999000072479248, 0.6225000023841858, 0.6434999704360962, 0.6723999977111816, 0.6826000213623047, 0.6905999779701233], "loss": [1.8910701274871826, 1.5135372877120972, 1.3064415454864502, 1.1648435592651367, 1.0477190017700195, 0.9578244090080261, 0.8687540292739868, 0.7926631569862366, 0.7122219800949097, 0.6452603340148926], "val_loss": [1.6067478656768799, 1.4303278923034668, 1.221394658088684, 1.1778507232666016, 1.1271378993988037, 1.0613211393356323, 1.0062798261642456, 0.9569835662841797, 0.9253816604614258, 0.926819920539856]}