{"accuracy": [0.9587291479110718, 0.984375, 0.9883333444595337, 0.9898541569709778, 0.9911041855812073, 0.9912916421890259, 0.9919166564941406, 0.9930416941642761, 0.9932708144187927, 0.9942083358764648], "val_accuracy": [0.9815000295639038, 0.9292500019073486, 0.9870833158493042, 0.9825000166893005, 0.9760833382606506, 0.9882500171661377, 0.9915833473205566, 0.9815833568572998, 0.9861666560173035, 0.9893333315849304], "loss": [0.1330433338880539, 0.05109011009335518, 0.038205765187740326, 0.0334056057035923, 0.029321661219000816, 0.028844306245446205, 0.026158081367611885, 0.021908650174736977, 0.020956452935934067, 0.018627237528562546], "val_loss": [0.05817580595612526, 0.2211063653230667, 0.046866524964571, 0.05727827921509743, 0.0949561595916748, 0.046928152441978455, 0.028079407289624214, 0.06920433789491653, 0.056974295526742935, 0.04224345460534096]}