{"accuracy": [0.6468018889427185, 0.6680186986923218, 0.6708268523216248, 0.6695787906646729, 0.6711388230323792, 0.6695787906646729, 0.6648985743522644, 0.6630265116691589, 0.6680186986923218, 0.6652106046676636], "val_accuracy": [0.6783042550086975, 0.6783042550086975, 0.6783042550086975, 0.6783042550086975, 0.6783042550086975, 0.6783042550086975, 0.6783042550086975, 0.6783042550086975, 0.6783042550086975, 0.6783042550086975], "loss": [1.3773043155670166, 1.1654945611953735, 1.1223970651626587, 1.0857422351837158, 1.0606991052627563, 1.0330291986465454, 1.035138487815857, 1.0264390707015991, 1.0252630710601807, 1.0186156034469604], "val_loss": [1.2092468738555908, 1.1339868307113647, 1.0972106456756592, 1.1422593593597412, 1.0285030603408813, 1.0383427143096924, 1.0140031576156616, 1.0818710327148438, 1.0070651769638062, 0.9907270073890686]}