{"accuracy": [0.8634166717529297, 0.9610000252723694, 0.9763333201408386, 0.9829999804496765, 0.9869583249092102, 0.9887916445732117, 0.9913750290870667, 0.9929583072662354, 0.9936249852180481, 0.9948750138282776], "val_accuracy": [0.9505000114440918, 0.9703333377838135, 0.9743333458900452, 0.9769999980926514, 0.9793333411216736, 0.9829999804496765, 0.9831666946411133, 0.9819999933242798, 0.9835000038146973, 0.984499990940094], "loss": [0.48240330815315247, 0.13275417685508728, 0.0792618840932846, 0.056404098868370056, 0.04410112649202347, 0.03643358126282692, 0.028289906680583954, 0.02338598296046257, 0.019725998863577843, 0.01713820919394493], "val_loss": [0.17032276093959808, 0.10094435513019562, 0.08374795317649841, 0.06565729528665543, 0.06621914356946945, 0.05210757628083229, 0.05073292925953865, 0.05616306513547897, 0.04949122294783592, 0.049098458141088486]}