{"accuracy": [0.11172916740179062, 0.11393749713897705, 0.11395833641290665, 0.11395833641290665, 0.11395833641290665, 0.11395833641290665, 0.11395833641290665, 0.11395833641290665, 0.11395833641290665, 0.11395833641290665], "val_accuracy": [0.10599999874830246, 0.10599999874830246, 0.10599999874830246, 0.10599999874830246, 0.10599999874830246, 0.10599999874830246, 0.10599999874830246, 0.10599999874830246, 0.10599999874830246, 0.10599999874830246], "loss": [2.3018932342529297, 2.3015592098236084, 2.301326036453247, 2.301198720932007, 2.3012163639068604, 2.3012309074401855, 2.3010053634643555, 2.3009729385375977, 2.30100154876709, 2.301002264022827], "val_loss": [2.3026740550994873, 2.3021862506866455, 2.3021509647369385, 2.302093982696533, 2.3021349906921387, 2.3020873069763184, 2.3020927906036377, 2.302103042602539, 2.3020989894866943, 2.3020882606506348]}