{"accuracy": [0.09862499684095383, 0.09619999676942825, 0.09839999675750732, 0.09974999725818634, 0.09830000251531601, 0.09854999929666519, 0.0976250022649765, 0.09882500022649765, 0.10107500106096268, 0.10119999945163727], "val_accuracy": [0.09769999980926514, 0.10249999910593033, 0.09520000219345093, 0.09799999743700027, 0.09520000219345093, 0.09520000219345093, 0.09520000219345093, 0.09520000219345093, 0.09520000219345093, 0.09520000219345093], "loss": [2.3035290241241455, 2.302889823913574, 2.302788019180298, 2.302760124206543, 2.3027632236480713, 2.3027472496032715, 2.3027350902557373, 2.3027377128601074, 2.3026058673858643, 2.302597999572754], "val_loss": [2.3027632236480713, 2.3027350902557373, 2.3027238845825195, 2.302661657333374, 2.3026938438415527, 2.3027307987213135, 2.302755832672119, 2.3026387691497803, 2.30264949798584, 2.302658796310425]}