{"accuracy": [0.5771571397781372, 0.4467155635356903, 0.23451396822929382, 0.4838508367538452, 0.4336089789867401, 0.16586050391197205, 0.13168981671333313, 0.12357622385025024, 0.14105165004730225], "val_accuracy": [0.6687461137771606, 0.6687461137771606, 0.019338740035891533, 0.65751713514328, 0.10480349510908127, 0.22769807279109955, 0.16656269133090973, 0.22208359837532043, 0.18278227746486664], "loss": [9.226802825927734, 10.941115379333496, 8.797772407531738, 6.87570333480835, 6.9977803230285645, 5.838522434234619, 8.31275749206543, 8.40786361694336, 8.875249862670898], "val_loss": [14.388644218444824, 3.287970781326294, 14.324394226074219, 4.957093238830566, 5.9779839515686035, 7.142571926116943, 6.295953750610352, 8.756162643432617, 9.655760765075684]}