{"accuracy": [], "val_accuracy": [], "loss": [13.836359024047852, 13.817152976989746, 13.816790580749512, 13.816415786743164, 13.81637191772461, 13.814815521240234, 13.814859390258789, 13.814844131469727], "val_loss": [13.819588661193848, 13.82063102722168, 13.82157039642334, 13.822552680969238, 13.823034286499023, 13.823075294494629, 13.823104858398438, 13.823122024536133]}