{"accuracy": [0.48693379759788513, 0.5880662202835083, 0.6013066172599792, 0.6051393747329712, 0.6079268455505371, 0.6085366010665894, 0.6081881523132324, 0.6098431944847107, 0.6094076633453369, 0.6099303364753723], "val_accuracy": [0.6198606491088867, 0.6198606491088867, 0.6198606491088867, 0.6198606491088867, 0.6198606491088867, 0.6198606491088867, 0.6198606491088867, 0.6198606491088867, 0.6198606491088867, 0.6198606491088867], "loss": [1.5947449207305908, 1.462565541267395, 1.4178509712219238, 1.3871644735336304, 1.3562381267547607, 1.3282537460327148, 1.2986390590667725, 1.2841925621032715, 1.2624598741531372, 1.2406723499298096], "val_loss": [1.396591305732727, 1.2956432104110718, 1.296791434288025, 1.2117223739624023, 1.3298566341400146, 1.1745253801345825, 1.1682456731796265, 1.1706743240356445, 1.1687806844711304, 1.138704776763916]}