{"accuracy": [0.8232711553573608, 0.8968166708946228, 0.9174533486366272, 0.9380900263786316, 0.9413831233978271, 0.9523600339889526, 0.9356750845909119, 0.961800217628479, 0.967727780342102, 0.9615806937217712], "val_accuracy": [0.09482001513242722, 0.529411792755127, 0.602282702922821, 0.5109745264053345, 0.31782266497612, 0.6812993884086609, 0.7866549491882324, 0.592625081539154, 0.8849868178367615, 0.7989464402198792], "loss": [0.4867112338542938, 0.2895388901233673, 0.22521817684173584, 0.1710042953491211, 0.16479739546775818, 0.13646864891052246, 0.18665765225887299, 0.10320363193750381, 0.09008671343326569, 0.10791292786598206], "val_loss": [2.65273380279541, 2.6505308151245117, 2.394153118133545, 2.6413931846618652, 4.1959004402160645, 2.1126835346221924, 0.8137174844741821, 1.70522940158844, 0.37772977352142334, 0.6426953077316284]}