{"accuracy": [0.5301097631454468, 0.5852862596511841, 0.5852862596511841, 0.5850489735603333, 0.5851082801818848, 0.5852862596511841, 0.5852862596511841, 0.5852862596511841, 0.5852862596511841, 0.5852862596511841], "val_accuracy": [0.5915994048118591, 0.5915994048118591, 0.5915994048118591, 0.5915994048118591, 0.5915994048118591, 0.5915994048118591, 0.5915994048118591, 0.5915994048118591, 0.5915994048118591, 0.5915994048118591], "loss": [1.6247503757476807, 1.515831470489502, 1.4557597637176514, 1.3964039087295532, 1.3406778573989868, 1.2968332767486572, 1.269169569015503, 1.255523920059204, 1.2475733757019043, 1.2459160089492798], "val_loss": [1.5450736284255981, 1.4831981658935547, 1.4210879802703857, 1.3600903749465942, 1.3066322803497314, 1.2683056592941284, 1.2463611364364624, 1.2360934019088745, 1.2316341400146484, 1.229612946510315]}