{"accuracy": [0.5843616724014282, 0.5934978723526001, 0.5758187174797058, 0.5934978723526001, 0.5882771611213684, 0.5874466300010681, 0.58175128698349, 0.5888704061508179, 0.5850735902786255, 0.5894637107849121], "val_accuracy": [0.5908875465393066, 0.5908875465393066, 0.5908875465393066, 0.5908875465393066, 0.5908875465393066, 0.5908875465393066, 0.5908875465393066, 0.5908875465393066, 0.5908875465393066, 0.5908875465393066], "loss": [1.2915499210357666, 1.2295002937316895, 1.2587556838989258, 1.2290209531784058, 1.2382595539093018, 1.2391277551651, 1.2471013069152832, 1.235581398010254, 1.2401992082595825, 1.230173945426941], "val_loss": [1.2274492979049683, 1.2268812656402588, 1.2293989658355713, 1.226690411567688, 1.2278395891189575, 1.2268643379211426, 1.2277036905288696, 1.2296874523162842, 1.2256637811660767, 1.225088357925415]}