{"accuracy": [0.14427083730697632, 0.15054166316986084, 0.14891666173934937, 0.14897917211055756, 0.148354172706604, 0.14910416305065155, 0.14925000071525574, 0.15000000596046448], "val_accuracy": [0.14875000715255737, 0.14783333241939545, 0.14783333241939545, 0.14766666293144226, 0.14758333563804626, 0.14775000512599945, 0.1472499966621399, 0.14758333563804626], "loss": [9.296793937683105, 9.487504005432129, 9.487506866455078, 9.487505912780762, 9.487504959106445, 9.487504959106445, 9.487503051757812, 9.487504959106445], "val_loss": [9.464006423950195, 9.464006423950195, 9.464006423950195, 9.464006423950195, 9.464006423950195, 9.464006423950195, 9.464006423950195, 9.464006423950195]}