{"accuracy": [0.6589171290397644, 0.6720237135887146, 0.6720237135887146, 0.6720237135887146, 0.6720237135887146, 0.6720237135887146, 0.6720237135887146, 0.6720237135887146, 0.6720237135887146, 0.6720237135887146], "val_accuracy": [0.6462882161140442, 0.6462882161140442, 0.6462882161140442, 0.6462882161140442, 0.6462882161140442, 0.6462882161140442, 0.6462882161140442, 0.6462882161140442, 0.6462882161140442, 0.6462882161140442], "loss": [1.3412446975708008, 1.1393986940383911, 1.1374751329421997, 1.1336513757705688, 1.1331192255020142, 1.133745789527893, 1.1318820714950562, 1.1276655197143555, 1.1292730569839478, 1.1289113759994507], "val_loss": [1.202976942062378, 1.1912758350372314, 1.201371669769287, 1.2072025537490845, 1.1952199935913086, 1.2138175964355469, 1.188560962677002, 1.188576579093933, 1.1883289813995361, 1.187965989112854]}