{"accuracy": [0.0988541692495346, 0.09795833379030228, 0.09829166531562805, 0.09943749755620956, 0.09789583086967468, 0.09804166853427887, 0.09991666674613953, 0.09839583188295364, 0.1002291664481163, 0.09958333522081375], "val_accuracy": [0.09833333641290665, 0.09833333641290665, 0.09833333641290665, 0.09833333641290665, 0.09833333641290665, 0.09833333641290665, 0.09833333641290665, 0.09833333641290665, 0.09833333641290665, 0.09574999660253525], "loss": [2.304229736328125, 2.3028972148895264, 2.302800416946411, 2.3027572631835938, 2.30275297164917, 2.3027377128601074, 2.3027420043945312, 2.302715539932251, 2.3026013374328613, 2.3025941848754883], "val_loss": [2.3027396202087402, 2.302725315093994, 2.3026678562164307, 2.302600145339966, 2.3025894165039062, 2.3026561737060547, 2.302704334259033, 2.3026814460754395, 2.3026843070983887, 2.302684783935547]}