{"accuracy": [0.5830910801887512, 0.5875408053398132, 0.5875408053398132, 0.5875408053398132, 0.5875408053398132, 0.5875408053398132, 0.5875408053398132, 0.5875408053398132, 0.5875408053398132, 0.5875408053398132], "val_accuracy": [0.5870906710624695, 0.5870906710624695, 0.5870906710624695, 0.5870906710624695, 0.5870906710624695, 0.5870906710624695, 0.5870906710624695, 0.5870906710624695, 0.5870906710624695, 0.5870906710624695], "loss": [1.3333020210266113, 1.2375093698501587, 1.2350236177444458, 1.2353870868682861, 1.2349845170974731, 1.2346501350402832, 1.2348229885101318, 1.2341973781585693, 1.2340642213821411, 1.2326889038085938], "val_loss": [1.2369877099990845, 1.2422356605529785, 1.2368091344833374, 1.2376196384429932, 1.2362779378890991, 1.2379964590072632, 1.237334966659546, 1.237203598022461, 1.2364134788513184, 1.2352447509765625]}