{"accuracy": [0.6642221808433533, 0.6703073978424072, 0.6703073978424072, 0.6724917888641357, 0.6840380430221558, 0.6852863430976868, 0.6890310645103455, 0.6909034252166748, 0.691371500492096, 0.7024496793746948], "val_accuracy": [0.6631316542625427, 0.6631316542625427, 0.6631316542625427, 0.6855894923210144, 0.6930754780769348, 0.6862133741378784, 0.699313759803772, 0.7049282789230347, 0.6980661153793335, 0.7167810201644897], "loss": [1.199375867843628, 1.0361227989196777, 0.9927516579627991, 0.9602835774421692, 0.9363443851470947, 0.9110693335533142, 0.879944920539856, 0.8565942645072937, 0.8350303173065186, 0.8150784373283386], "val_loss": [1.081238031387329, 1.0167487859725952, 0.9620296359062195, 0.9493197202682495, 0.9068819284439087, 0.8764241933822632, 0.8591306805610657, 0.8765501379966736, 0.8326890468597412, 0.7909575700759888]}