{"accuracy": [0.10220000147819519, 0.09655000269412994, 0.09989999979734421, 0.10130000114440918, 0.10189999639987946, 0.10050000250339508, 0.10000000149011612, 0.10085000097751617, 0.10019999742507935], "val_accuracy": [0.0966000035405159, 0.09700000286102295, 0.0966000035405159, 0.0966000035405159, 0.0966000035405159, 0.0966000035405159, 0.0966000035405159, 0.0966000035405159, 0.0966000035405159], "loss": [2.302856922149658, 2.3028404712677, 2.302751302719116, 2.3025660514831543, 2.3025641441345215, 2.302577257156372, 2.3025548458099365, 2.3023104667663574, 2.3017125129699707], "val_loss": [2.302584409713745, 2.302583932876587, 2.302584409713745, 2.302584409713745, 2.302584409713745, 2.302584409713745, 2.302584409713745, 2.302584409713745, 2.302584409713745]}