{"accuracy": [0.08160416781902313, 0.11427083611488342, 0.12731249630451202, 0.12604166567325592, 0.12533333897590637, 0.12531250715255737, 0.12489583343267441, 0.1262499988079071], "val_accuracy": [0.08883333206176758, 0.13216666877269745, 0.13383333384990692, 0.13366666436195374, 0.13349999487400055, 0.13366666436195374, 0.13349999487400055, 0.13333334028720856], "loss": [8.039155006408691, 8.78021240234375, 9.517759323120117, 9.424715042114258, 9.406575202941895, 9.405235290527344, 9.441169738769531, 9.412619590759277], "val_loss": [7.613712310791016, 9.674886703491211, 9.410279273986816, 9.465349197387695, 9.459977149963379, 9.457290649414062, 9.473408699035645, 9.472066879272461]}