{"accuracy": [0.3885888457298279, 0.27891984581947327, 0.18885017931461334, 0.18954703211784363, 0.15505225956439972, 0.09712543338537216, 0.08022648096084595, 0.07900696992874146, 0.08057491481304169, 0.07926829159259796], "val_accuracy": [0.503484308719635, 0.607665479183197, 0.12787456810474396, 0.14355400204658508, 0.3320557475090027, 0.09128919988870621, 0.08815331012010574, 0.08362369239330292, 0.08188153058290482, 0.08013937622308731], "loss": [6.809010028839111, 4.5417327880859375, 4.177640914916992, 4.170051574707031, 5.343830108642578, 4.317244052886963, 5.357724666595459, 5.354916095733643, 5.387208938598633, 5.293139457702637], "val_loss": [7.0629777908325195, 4.544027328491211, 3.8582372665405273, 4.206429481506348, 3.9371588230133057, 3.633591651916504, 4.082876682281494, 4.942133903503418, 5.166775226593018, 5.200472354888916]}