{"accuracy": [0.6189895272254944, 0.6160278916358948, 0.6167247295379639, 0.6155052185058594, 0.6130661964416504, 0.6224738955497742, 0.610104501247406, 0.6123693585395813, 0.6130661964416504, 0.6155052185058594], "val_accuracy": [0.5979093909263611, 0.5979093909263611, 0.5979093909263611, 0.5979093909263611, 0.5979093909263611, 0.5979093909263611, 0.5979093909263611, 0.5979093909263611, 0.5979093909263611, 0.5979093909263611], "loss": [1.3893617391586304, 1.1930407285690308, 1.185799479484558, 1.1917388439178467, 1.190521240234375, 1.1730263233184814, 1.1992744207382202, 1.1956684589385986, 1.1912976503372192, 1.185287356376648], "val_loss": [1.2178125381469727, 1.2262755632400513, 1.2134068012237549, 1.2125935554504395, 1.2168149948120117, 1.2135311365127563, 1.2214645147323608, 1.2158571481704712, 1.214016079902649, 1.2129673957824707]}