{"accuracy": [0.7740833163261414, 0.8627499938011169, 0.8851666450500488, 0.8929166793823242, 0.8992083072662354, 0.9079999923706055, 0.9163749814033508, 0.9204583168029785, 0.9288750290870667, 0.9297916889190674], "val_accuracy": [0.8456666469573975, 0.8709999918937683, 0.8924999833106995, 0.8921666741371155, 0.89083331823349, 0.9035000205039978, 0.9038333296775818, 0.9023333191871643, 0.9046666622161865, 0.9075000286102295], "loss": [0.6382426619529724, 0.38842618465423584, 0.318056583404541, 0.2923032343387604, 0.272162526845932, 0.25033554434776306, 0.23139768838882446, 0.21498258411884308, 0.19741682708263397, 0.1882459968328476], "val_loss": [0.4284113645553589, 0.351965993642807, 0.307768851518631, 0.2977837920188904, 0.2948431372642517, 0.26940470933914185, 0.2628837525844574, 0.2627817690372467, 0.259215772151947, 0.2544909417629242]}