{"accuracy": [0.09799999743700027, 0.09780000150203705, 0.09570000320672989, 0.09835000336170197, 0.09860000014305115, 0.09645000100135803, 0.10064999759197235, 0.09995000064373016, 0.10010000318288803, 0.10050000250339508], "val_accuracy": [0.10199999809265137, 0.09619999676942825, 0.09619999676942825, 0.09619999676942825, 0.0982000008225441, 0.09619999676942825, 0.09619999676942825, 0.09619999676942825, 0.09619999676942825, 0.09619999676942825], "loss": [2.3079047203063965, 2.302950620651245, 2.30297589302063, 2.3028626441955566, 2.3028719425201416, 2.302675247192383, 2.302626609802246, 2.3026955127716064, 2.302623748779297, 2.302602767944336], "val_loss": [2.3028621673583984, 2.3029818534851074, 2.3028101921081543, 2.3028197288513184, 2.3028628826141357, 2.3028125762939453, 2.3027727603912354, 2.302743911743164, 2.3027279376983643, 2.3027186393737793]}