{"accuracy": [], "val_accuracy": [], "loss": [3.6012563705444336, 2.8461129665374756, 2.0224006175994873, 1.4621803760528564, 1.1241555213928223, 0.9427602291107178, 0.8157342076301575, 0.7453595399856567, 0.7045733332633972, 0.6827025413513184], "val_loss": [3.3297765254974365, 2.392123222351074, 1.7531945705413818, 1.1769542694091797, 0.9895831942558289, 0.8416337370872498, 0.7578005194664001, 0.6968618035316467, 0.7430695295333862, 0.6511659026145935]}