{"accuracy": [0.14891722798347473, 0.10833580791950226, 0.10851379483938217, 0.10857312381267548, 0.10869178175926208, 0.10875111073255539, 0.10869178175926208, 0.10827647894620895], "val_accuracy": [0.10227812081575394, 0.11651637405157089, 0.11651637405157089, 0.11651637405157089, 0.11627907305955887, 0.11627907305955887, 0.11651637405157089, 0.11651637405157089], "loss": [9.603340148925781, 6.934169292449951, 7.4322028160095215, 7.437941074371338, 7.434116840362549, 7.438898086547852, 7.433158874511719, 7.427424430847168], "val_loss": [6.75676155090332, 7.481489181518555, 7.309369087219238, 7.378217697143555, 7.332319259643555, 7.4126410484313965, 7.186972618103027, 7.401166915893555]}