{"accuracy": [0.8375833630561829, 0.8995416760444641, 0.9142916798591614, 0.9233958125114441, 0.9352291822433472, 0.9382708072662354, 0.9692083597183228, 0.9807291626930237, 0.9879166483879089, 0.9931458234786987], "val_accuracy": [0.8501666784286499, 0.8911666870117188, 0.89041668176651, 0.8668333292007446, 0.8650000095367432, 0.8599166870117188, 0.9427499771118164, 0.9411666393280029, 0.9414166808128357, 0.9390000104904175], "loss": [0.45272722840309143, 0.2766401469707489, 0.23718462884426117, 0.20782220363616943, 0.18240545690059662, 0.16660849750041962, 0.08780041337013245, 0.05647898465394974, 0.03635432943701744, 0.0211994219571352], "val_loss": [0.4204765558242798, 0.30599188804626465, 0.31655094027519226, 0.4406607151031494, 0.4244401156902313, 0.5027035474777222, 0.16831538081169128, 0.1870143562555313, 0.20974849164485931, 0.2456718385219574]}