{"accuracy": [0.6458658576011658, 0.6739469766616821, 0.6780031323432922, 0.6776911020278931, 0.6776911020278931, 0.6864274740219116, 0.6808112263679504, 0.6923556923866272, 0.7007800340652466, 0.6901715993881226], "val_accuracy": [0.6483790278434753, 0.6483790278434753, 0.6483790278434753, 0.6508728265762329, 0.6695760488510132, 0.6521196961402893, 0.6645885109901428, 0.6733167171478271, 0.6496259570121765, 0.6870324015617371], "loss": [1.2281692028045654, 1.0619077682495117, 0.993776798248291, 0.9524416327476501, 0.9231550693511963, 0.9094811081886292, 0.9087960124015808, 0.8751241564750671, 0.8246462345123291, 0.873149037361145], "val_loss": [1.1431963443756104, 1.0785399675369263, 1.0310821533203125, 0.9867547154426575, 0.9715296626091003, 1.0637414455413818, 0.9196975231170654, 0.8969666361808777, 0.9445199370384216, 0.8818858861923218]}