{"accuracy": [0.019750000908970833, 0.043150000274181366, 0.07635000348091125, 0.11330000311136246, 0.14904999732971191, 0.18459999561309814, 0.21969999372959137, 0.24140000343322754, 0.2761000096797943, 0.3043000102043152], "val_accuracy": [0.022600000724196434, 0.0560000017285347, 0.09359999746084213, 0.11900000274181366, 0.16339999437332153, 0.19599999487400055, 0.22020000219345093, 0.23739999532699585, 0.26600000262260437, 0.27480000257492065], "loss": [4.460460186004639, 4.144230842590332, 3.923596143722534, 3.713177442550659, 3.4998891353607178, 3.3101284503936768, 3.1351871490478516, 3.000887870788574, 2.8312017917633057, 2.706469774246216], "val_loss": [4.309769153594971, 4.073087692260742, 3.799114942550659, 3.6631293296813965, 3.4441075325012207, 3.292083263397217, 3.2008845806121826, 3.081928253173828, 2.9816370010375977, 2.9051334857940674]}