{"accuracy": [0.5822604298591614, 0.5858795642852783, 0.5858795642852783, 0.5858795642852783, 0.5858795642852783, 0.5858795642852783, 0.5858795642852783, 0.5858795642852783, 0.5858795642852783, 0.5858795642852783], "val_accuracy": [0.5775984525680542, 0.5775984525680542, 0.5775984525680542, 0.5775984525680542, 0.5775984525680542, 0.5775984525680542, 0.5775984525680542, 0.5775984525680542, 0.5775984525680542, 0.5775984525680542], "loss": [1.3035072088241577, 1.2396098375320435, 1.237748146057129, 1.2375177145004272, 1.2379058599472046, 1.2369575500488281, 1.2377543449401855, 1.2361392974853516, 1.236561894416809, 1.2361433506011963], "val_loss": [1.2527936697006226, 1.2513399124145508, 1.2517454624176025, 1.2511943578720093, 1.2515966892242432, 1.2520540952682495, 1.2517225742340088, 1.2548081874847412, 1.251582384109497, 1.2512729167938232]}