{"accuracy": [0.5847234129905701, 0.6049165725708008, 0.6014047265052795, 0.604038655757904, 0.6035996675491333, 0.6031606793403625, 0.604038655757904, 0.6093063950538635, 0.620280921459198, 0.606233537197113], "val_accuracy": [0.6052631735801697, 0.6052631735801697, 0.6052631735801697, 0.6052631735801697, 0.6052631735801697, 0.6052631735801697, 0.6052631735801697, 0.6052631735801697, 0.6052631735801697, 0.6052631735801697], "loss": [1.1330375671386719, 1.0743149518966675, 1.0790022611618042, 1.0704132318496704, 1.0753364562988281, 1.0726126432418823, 1.064561128616333, 1.0590764284133911, 1.0458295345306396, 1.0630509853363037], "val_loss": [1.08109712600708, 1.0818980932235718, 1.0787289142608643, 1.0790629386901855, 1.080552339553833, 1.0785459280014038, 1.0795198678970337, 1.082059621810913, 1.0812829732894897, 1.0785616636276245]}