{"accuracy": [0.09964583069086075, 0.09908333420753479, 0.09870833158493042, 0.09956250339746475, 0.09872916340827942, 0.09929166734218597, 0.10002083331346512, 0.09841666370630264, 0.0976874977350235], "val_accuracy": [0.09833333641290665, 0.10125000029802322, 0.09833333641290665, 0.09950000047683716, 0.09833333641290665, 0.09833333641290665, 0.09833333641290665, 0.09833333641290665, 0.09833333641290665], "loss": [2.307217836380005, 2.302863836288452, 2.3027327060699463, 2.3027138710021973, 2.3027336597442627, 2.3026139736175537, 2.3026375770568848, 2.3026139736175537, 2.302612066268921], "val_loss": [2.30263352394104, 2.302602529525757, 2.302654981613159, 2.302619695663452, 2.3026628494262695, 2.3026647567749023, 2.3026678562164307, 2.3026702404022217, 2.3026745319366455]}