{"accuracy": [0.5395083427429199, 0.598331868648529, 0.6382791996002197, 0.6751536726951599, 0.6979807019233704, 0.6874451041221619, 0.4582967460155487, 0.22519753873348236, 0.22036874294281006, 0.22036874294281006], "val_accuracy": [0.6052631735801697, 0.601754367351532, 0.6105263233184814, 0.6842105388641357, 0.699999988079071, 0.6175438761711121, 0.20701754093170166, 0.20701754093170166, 0.20701754093170166, 0.20701754093170166], "loss": [1.4435943365097046, 1.0566624402999878, 0.969174861907959, 0.8178933262825012, 0.705956757068634, 0.8645481467247009, 1.3499417304992676, 1.3268754482269287, 1.3079211711883545, 1.2951220273971558], "val_loss": [1.0836292505264282, 0.9997451305389404, 0.9209195375442505, 0.7309159636497498, 0.6427909731864929, 0.9001096487045288, 1.357970952987671, 1.3459521532058716, 1.3037388324737549, 1.3002063035964966]}