{"accuracy": [0.9430624842643738, 0.9813958406448364, 0.9849374890327454, 0.9870625138282776, 0.9872499704360962, 0.9879999756813049, 0.9951666593551636, 0.9970625042915344, 0.9975208044052124, 0.9982291460037231], "val_accuracy": [0.9426666498184204, 0.981249988079071, 0.972083330154419, 0.9804999828338623, 0.9439166784286499, 0.9799166917800903, 0.9951666593551636, 0.9959999918937683, 0.9963333606719971, 0.9954166412353516], "loss": [0.19187229871749878, 0.06283371895551682, 0.05109357088804245, 0.0443938784301281, 0.04329678788781166, 0.041175879538059235, 0.01588849537074566, 0.009906524792313576, 0.008384913206100464, 0.006420102436095476], "val_loss": [0.2048979550600052, 0.06743168085813522, 0.10320872813463211, 0.07252620160579681, 0.23459036648273468, 0.0754794031381607, 0.01936444081366062, 0.017602818086743355, 0.017278755083680153, 0.018101835623383522]}