{"accuracy": [0.5812767148017883, 0.5847176313400269, 0.5872092843055725, 0.5959895849227905, 0.5822259187698364, 0.5950403213500977, 0.5875652432441711, 0.5889890789985657, 0.5949217081069946, 0.5880398750305176], "val_accuracy": [0.5799715518951416, 0.5799715518951416, 0.5799715518951416, 0.5799715518951416, 0.5813953280448914, 0.5809207558631897, 0.583768367767334, 0.5851922035217285, 0.5828191637992859, 0.5832937955856323], "loss": [1.3053561449050903, 1.2602543830871582, 1.2240523099899292, 1.1636401414871216, 1.142673373222351, 1.0868936777114868, 1.0969456434249878, 1.08473539352417, 1.0696170330047607, 1.066113829612732], "val_loss": [1.2208012342453003, 1.2533140182495117, 1.2117100954055786, 1.144424319267273, 1.1556391716003418, 1.1748197078704834, 1.1537480354309082, 1.0854458808898926, 1.062707543373108, 1.0571272373199463]}