{"accuracy": [0.010200000368058681, 0.015799999237060547, 0.030300000682473183, 0.052149999886751175, 0.08055000007152557, 0.11460000276565552, 0.1521500051021576, 0.1941000074148178, 0.21899999678134918, 0.25255000591278076], "val_accuracy": [0.009600000455975533, 0.020600000396370888, 0.03959999978542328, 0.052799999713897705, 0.08879999816417694, 0.13279999792575836, 0.14740000665187836, 0.17919999361038208, 0.22679999470710754, 0.24539999663829803], "loss": [4.6050896644592285, 4.54216194152832, 4.397287368774414, 4.155579566955566, 3.984718084335327, 3.783026933670044, 3.5445265769958496, 3.3228559494018555, 3.1795077323913574, 3.024298667907715], "val_loss": [4.6051764488220215, 4.492635726928711, 4.269436359405518, 4.146457195281982, 4.008849620819092, 3.7203800678253174, 3.555711030960083, 3.4037277698516846, 3.181164503097534, 3.050624132156372]}